Workbook
Name Skills: Powers!$C$2:$C$108
Name Factions: Factions!$B$2:$B$100
Name Weapons: Powers!$A$2:$A$108
Name Armour: Powers!$B$2:$B$108

Sheet Units
A1: Id | B1: Name | C1: Unit | D1: Include | E1: Faction | F1: Class | G1: Comparison Class | H1: Base Block | I1: Tier | J1: Cost | K1: Equips | L1: Number | M1: Movement | N1: Melee Hit | O1: Ranged Hit | P1: Attacks | Q1: HP | R1: Block | S1: Powers | T1: TCR | U1: Example Equip Powers | V1: SNCPS | W1: Spells | X1: Banners | Y1: Spears | Z1: Axes | AA1: Clubs | AB1: Offhand | AC1: Shields | AD1: Ranged | AE1: Move Colour | AF1: Melee Colour | AG1: Ranged Colour | AH1: Attacks Colour | AI1: HP Colour | AJ1: Block Colour | AK1: L1 Colour | AL1: L2 Colour | AM1: L1 Text Colour | AN1: L2 Text Colour | AO1: Faction Icon | AP1: Min Speed | AQ1: Total Wounds | AR1: Predicted Hits to Kill | AS1: EAPM | AT1: EAPR | AU1: Poison Mult | AV1: Ret Bonus | AW1: Predicted Hits per Round | AX1: Base Score | AY1: Exclude From Averages
A2: 03_1_5 | B2: Fodder | C2: =concatenate(E2," ",B2) -> Boneborn Fodder | D2: TRUE | E2: Boneborn | F2: Skeletons | G2: Chaff | H2: 6 | I2: 1 | J2: 1 | L2: 6 | M2: 1 | N2: 6 | O2: - | P2: 1 | Q2: 1 | R2: 5 | S2: <b>Unstable</b> - Instead of rolling to flee, lose 1 extra wound | T2: 3 | AE2: #000000 | AF2: #cc0000 | AG2: #000000 | AH2: #000000 | AI2: #000000 | AJ2: #000000 | AK2: {=INDEX(Factions!C:C, MATCH(E2, Factions!B:B, 0))} -> #e0e0d3 | AL2: {=INDEX(Factions!D:D, MATCH(E2, Factions!B:B, 0))} -> #4d4d4d | AM2: {=INDEX(Factions!E:E, MATCH(E2, Factions!B:B, 0))} -> #000000 | AN2: {=INDEX(Factions!F:F, MATCH(E2, Factions!B:B, 0))} -> #ffffff | AO2: {=concat(INDEX(Factions!G:G, MATCH(E2, Factions!B:B, 0)),".png")} -> skellies.png | AP2: =IFERROR(__xludf.DUMMYFUNCTION("MIN(FILTER(M2:M1098, F2:F1098=F2))"),1.0) -> 1 | AQ2: =Q2*L2 -> 6 | AR2: =IFERROR(__xludf.DUMMYFUNCTION("IF(and(REGEXMATCH(S2,""Vengence""),not(REGEXMATCH(S2, ""Protective Markings""))),AQ2,AQ2 * 6 / iferror(R2-1,6))"),9.0) -> 9 | AS2: =0 + if(P2="2d6",7,if(P2="d6",3.5,if(P2="d3",1.5,if(P2="2x2",4,if(P2="2x3",6,P2))))) -> 1 | AT2: =AS2*L2 -> 6 | AU2: =IFERROR(__xludf.DUMMYFUNCTION("IF(REGEXMATCH(S2,""<b>Poison</b>""),1+((1/(7-N2))/3),1)"),1.0) -> 1 | AV2: =IFERROR(__xludf.DUMMYFUNCTION("IF(REGEXMATCH(S2,""Vengence""),(7 - R2) / 3,0)"),0.0) -> 0 | AW2: =AV2 + (AT2*(7-N2)/6)*AU2 -> 1 | AX2: =AR2+(AW2*1.5) -> 10.5 | AY2: =IFERROR(__xludf.DUMMYFUNCTION("if(regexmatch(G2,""Mage|War Machine""),true,false)"),FALSE) -> FALSE
A3: 03_1_6 | B3: Shieldbearers | C3: =concatenate(E3," ",B3) -> Boneborn Shieldbearers | D3: TRUE | E3: Boneborn | F3: Skeletons | G3: Heavy Infantry | H3: 6 | I3: 1 | J3: 2 | L3: 6 | M3: 1 | N3: 5 | O3: - | P3: 1 | Q3: 1 | R3: 4 | S3: <b>Unstable</b> - Instead of rolling to flee, lose 1 extra wound | T3: 4 | Y3: 1 | AC3: 1 | AE3: #000000 | AF3: #cc0000 | AG3: #000000 | AH3: #000000 | AI3: #000000 | AJ3: #2b9800 | AK3: {=INDEX(Factions!C:C, MATCH(E3, Factions!B:B, 0))} -> #e0e0d3 | AL3: {=INDEX(Factions!D:D, MATCH(E3, Factions!B:B, 0))} -> #4d4d4d | AM3: {=INDEX(Factions!E:E, MATCH(E3, Factions!B:B, 0))} -> #000000 | AN3: {=INDEX(Factions!F:F, MATCH(E3, Factions!B:B, 0))} -> #ffffff | AO3: {=concat(INDEX(Factions!G:G, MATCH(E3, Factions!B:B, 0)),".png")} -> skellies.png | AP3: =IFERROR(__xludf.DUMMYFUNCTION("MIN(FILTER(M3:M1098, F3:F1098=F3))"),1.0) -> 1 | AQ3: =Q3*L3 -> 6 | AR3: =IFERROR(__xludf.DUMMYFUNCTION("IF(and(REGEXMATCH(S3,""Vengence""),not(REGEXMATCH(S3, ""Protective Markings""))),AQ3,AQ3 * 6 / iferror(R3-1,6))"),12.0) -> 12 | AS3: =0 + if(P3="2d6",7,if(P3="d6",3.5,if(P3="d3",1.5,if(P3="2x2",4,if(P3="2x3",6,P3))))) -> 1 | AT3: =AS3*L3 -> 6 | AU3: =IFERROR(__xludf.DUMMYFUNCTION("IF(REGEXMATCH(S3,""<b>Poison</b>""),1+((1/(7-N3))/3),1)"),1.0) -> 1 | AV3: =IFERROR(__xludf.DUMMYFUNCTION("IF(REGEXMATCH(S3,""Vengence""),(7 - R3) / 3,0)"),0.0) -> 0 | AW3: =AV3 + (AT3*(7-N3)/6)*AU3 -> 2 | AX3: =AR3+(AW3*1.5) -> 15 | AY3: =IFERROR(__xludf.DUMMYFUNCTION("if(regexmatch(G3,""Mage|War Machine""),true,false)"),FALSE) -> FALSE
A4: 03_1_1 | B4: Warriors | C4: =concatenate(E4," ",B4) -> Boneborn Warriors | D4: TRUE | E4: Boneborn | F4: Skeletons | G4: Warriors | H4: 6 | I4: 1 | J4: 2 | L4: 6 | M4: 1 | N4: 4 | O4: - | P4: 1 | Q4: 1 | R4: 5 | S4: <b>Unstable</b> - Instead of rolling to flee, lose 1 extra wound | T4: 4 | Y4: 1 | Z4: 1 | AA4: 1 | AB4: 1 | AC4: 1 | AE4: #000000 | AF4: #000000 | AG4: #000000 | AH4: #000000 | AI4: #000000 | AJ4: #000000 | AK4: {=INDEX(Factions!C:C, MATCH(E4, Factions!B:B, 0))} -> #e0e0d3 | AL4: {=INDEX(Factions!D:D, MATCH(E4, Factions!B:B, 0))} -> #4d4d4d | AM4: {=INDEX(Factions!E:E, MATCH(E4, Factions!B:B, 0))} -> #000000 | AN4: {=INDEX(Factions!F:F, MATCH(E4, Factions!B:B, 0))} -> #ffffff | AO4: {=concat(INDEX(Factions!G:G, MATCH(E4, Factions!B:B, 0)),".png")} -> skellies.png | AP4: =IFERROR(__xludf.DUMMYFUNCTION("MIN(FILTER(M4:M1098, F4:F1098=F4))"),1.0) -> 1 | AQ4: =Q4*L4 -> 6 | AR4: =IFERROR(__xludf.DUMMYFUNCTION("IF(and(REGEXMATCH(S4,""Vengence""),not(REGEXMATCH(S4, ""Protective Markings""))),AQ4,AQ4 * 6 / iferror(R4-1,6))"),9.0) -> 9 | AS4: =0 + if(P4="2d6",7,if(P4="d6",3.5,if(P4="d3",1.5,if(P4="2x2",4,if(P4="2x3",6,P4))))) -> 1 | AT4: =AS4*L4 -> 6 | AU4: =IFERROR(__xludf.DUMMYFUNCTION("IF(REGEXMATCH(S4,""<b>Poison</b>""),1+((1/(7-N4))/3),1)"),1.0) -> 1 | AV4: =IFERROR(__xludf.DUMMYFUNCTION("IF(REGEXMATCH(S4,""Vengence""),(7 - R4) / 3,0)"),0.0) -> 0 | AW4: =AV4 + (AT4*(7-N4)/6)*AU4 -> 3 | AX4: =AR4+(AW4*1.5) -> 13.5 | AY4: =IFERROR(__xludf.DUMMYFUNCTION("if(regexmatch(G4,""Mage|War Machine""),true,false)"),FALSE) -> FALSE
A5: 03_1_2 | B5: Archers | C5: =concatenate(E5," ",B5) -> Boneborn Archers | D5: TRUE | E5: Boneborn | F5: Skeletons | G5: Archers | H5: 6 | I5: 1 | J5: 2 | L5: 6 | M5: 1 | N5: 5 | O5: 4 | P5: 1 | Q5: 1 | R5: 6 | S5: <b>Unstable</b> - Instead of rolling to flee, lose 1 extra wound | T5: 3 | AD5: 1 | AE5: #000000 | AF5: #cc0000 | AG5: #2b9800 | AH5: #000000 | AI5: #000000 | AJ5: #cc0000 | AK5: {=INDEX(Factions!C:C, MATCH(E5, Factions!B:B, 0))} -> #e0e0d3 | AL5: {=INDEX(Factions!D:D, MATCH(E5, Factions!B:B, 0))} -> #4d4d4d | AM5: {=INDEX(Factions!E:E, MATCH(E5, Factions!B:B, 0))} -> #000000 | AN5: {=INDEX(Factions!F:F, MATCH(E5, Factions!B:B, 0))} -> #ffffff | AO5: {=concat(INDEX(Factions!G:G, MATCH(E5, Factions!B:B, 0)),".png")} -> skellies.png | AP5: =IFERROR(__xludf.DUMMYFUNCTION("MIN(FILTER(M5:M1098, F5:F1098=F5))"),1.0) -> 1 | AQ5: =Q5*L5 -> 6 | AR5: =IFERROR(__xludf.DUMMYFUNCTION("IF(and(REGEXMATCH(S5,""Vengence""),not(REGEXMATCH(S5, ""Protective Markings""))),AQ5,AQ5 * 6 / iferror(R5-1,6))"),7.2) -> 7.2 | AS5: =0 + if(P5="2d6",7,if(P5="d6",3.5,if(P5="d3",1.5,if(P5="2x2",4,if(P5="2x3",6,P5))))) -> 1 | AT5: =AS5*L5 -> 6 | AU5: =IFERROR(__xludf.DUMMYFUNCTION("IF(REGEXMATCH(S5,""<b>Poison</b>""),1+((1/(7-N5))/3),1)"),1.0) -> 1 | AV5: =IFERROR(__xludf.DUMMYFUNCTION("IF(REGEXMATCH(S5,""Vengence""),(7 - R5) / 3,0)"),0.0) -> 0 | AW5: =AV5 + (AT5*(7-N5)/6)*AU5 -> 2 | AX5: =AR5+(AW5*1.5) -> 10.2 | AY5: =IFERROR(__xludf.DUMMYFUNCTION("if(regexmatch(G5,""Mage|War Machine""),true,false)"),FALSE) -> FALSE
A6: 03_1_4 | B6: Wights | C6: =concatenate(E6," ",B6) -> Boneborn Wights | D6: TRUE | E6: Boneborn | F6: Skeletons | G6: Heavy Infantry | H6: 6 | I6: 1 | J6: 3 | L6: 6 | M6: 1 | N6: 5 | O6: - | P6: 1 | Q6: 1 | R6: 4 | S6: <b>Unstable</b> - Instead of rolling to flee, lose 1 extra wound <b>Terrifying</b> - At the start of each round of combat, all enemy units in combat with it must roll to flee. If they flee out of combat, no combat takes place. | T6: 5 | Y6: 1 | Z6: 1 | AA6: 1 | AB6: 1 | AC6: 1 | AE6: #000000 | AF6: #cc0000 | AG6: #000000 | AH6: #000000 | AI6: #000000 | AJ6: #2b9800 | AK6: {=INDEX(Factions!C:C, MATCH(E6, Factions!B:B, 0))} -> #e0e0d3 | AL6: {=INDEX(Factions!D:D, MATCH(E6, Factions!B:B, 0))} -> #4d4d4d | AM6: {=INDEX(Factions!E:E, MATCH(E6, Factions!B:B, 0))} -> #000000 | AN6: {=INDEX(Factions!F:F, MATCH(E6, Factions!B:B, 0))} -> #ffffff | AO6: {=concat(INDEX(Factions!G:G, MATCH(E6, Factions!B:B, 0)),".png")} -> skellies.png | AP6: =IFERROR(__xludf.DUMMYFUNCTION("MIN(FILTER(M6:M1098, F6:F1098=F6))"),1.0) -> 1 | AQ6: =Q6*L6 -> 6 | AR6: =IFERROR(__xludf.DUMMYFUNCTION("IF(and(REGEXMATCH(S6,""Vengence""),not(REGEXMATCH(S6, ""Protective Markings""))),AQ6,AQ6 * 6 / iferror(R6-1,6))"),12.0) -> 12 | AS6: =0 + if(P6="2d6",7,if(P6="d6",3.5,if(P6="d3",1.5,if(P6="2x2",4,if(P6="2x3",6,P6))))) -> 1 | AT6: =AS6*L6 -> 6 | AU6: =IFERROR(__xludf.DUMMYFUNCTION("IF(REGEXMATCH(S6,""<b>Poison</b>""),1+((1/(7-N6))/3),1)"),1.0) -> 1 | AV6: =IFERROR(__xludf.DUMMYFUNCTION("IF(REGEXMATCH(S6,""Vengence""),(7 - R6) / 3,0)"),0.0) -> 0 | AW6: =AV6 + (AT6*(7-N6)/6)*AU6 -> 2 | AX6: =AR6+(AW6*1.5) -> 15 | AY6: =IFERROR(__xludf.DUMMYFUNCTION("if(regexmatch(G6,""Mage|War Machine""),true,false)"),FALSE) -> FALSE
A7: 03_1_3 | B7: Revenants | C7: =concatenate(E7," ",B7) -> Boneborn Revenants | D7: TRUE | E7: Boneborn | F7: Skeletons | G7: Infantry | H7: 6 | I7: 1 | J7: 3 | L7: 6 | M7: 1 | N7: 4 | O7: - | P7: 1 | Q7: 1 | R7: 5 | S7: <b>Unstable</b> - Instead of rolling to flee, lose 1 extra wound <b>Revenants</b> - After combat, add a new model for each enemy model that died. Limited to the starting size. | T7: 5 | Z7: 1 | AA7: 1 | AB7: 1 | AC7: 1 | AE7: #000000 | AF7: #000000 | AG7: #000000 | AH7: #000000 | AI7: #000000 | AJ7: #000000 | AK7: {=INDEX(Factions!C:C, MATCH(E7, Factions!B:B, 0))} -> #e0e0d3 | AL7: {=INDEX(Factions!D:D, MATCH(E7, Factions!B:B, 0))} -> #4d4d4d | AM7: {=INDEX(Factions!E:E, MATCH(E7, Factions!B:B, 0))} -> #000000 | AN7: {=INDEX(Factions!F:F, MATCH(E7, Factions!B:B, 0))} -> #ffffff | AO7: {=concat(INDEX(Factions!G:G, MATCH(E7, Factions!B:B, 0)),".png")} -> skellies.png | AP7: =IFERROR(__xludf.DUMMYFUNCTION("MIN(FILTER(M7:M1098, F7:F1098=F7))"),1.0) -> 1 | AQ7: =Q7*L7 -> 6 | AR7: =IFERROR(__xludf.DUMMYFUNCTION("IF(and(REGEXMATCH(S7,""Vengence""),not(REGEXMATCH(S7, ""Protective Markings""))),AQ7,AQ7 * 6 / iferror(R7-1,6))"),9.0) -> 9 | AS7: =0 + if(P7="2d6",7,if(P7="d6",3.5,if(P7="d3",1.5,if(P7="2x2",4,if(P7="2x3",6,P7))))) -> 1 | AT7: =AS7*L7 -> 6 | AU7: =IFERROR(__xludf.DUMMYFUNCTION("IF(REGEXMATCH(S7,""<b>Poison</b>""),1+((1/(7-N7))/3),1)"),1.0) -> 1 | AV7: =IFERROR(__xludf.DUMMYFUNCTION("IF(REGEXMATCH(S7,""Vengence""),(7 - R7) / 3,0)"),0.0) -> 0 | AW7: =AV7 + (AT7*(7-N7)/6)*AU7 -> 3 | AX7: =AR7+(AW7*1.5) -> 13.5 | AY7: =IFERROR(__xludf.DUMMYFUNCTION("if(regexmatch(G7,""Mage|War Machine""),true,false)"),FALSE) -> FALSE
A8: 03_2A_1 | B8: Tomb Titan | C8: =concatenate(E8," ",B8) -> Boneborn Tomb Titan | D8: TRUE | E8: Boneborn | F8: Bonegiant | G8: Monster | H8: 5 | I8: 2 | L8: 1 | M8: 1 | N8: 3 | O8: - | P8: 5 | Q8: 5 | R8: 4 | S8: <b>Unstable</b> - Instead of rolling to flee, lose 1 extra wound <b>Mighty Cleave</b> - In combat this unit makes its attacks against all adjacent enemy units. Roll separately for each. If they are not in combat, they take damage but are not included in combat resolution and do not strike back. <b>Well Prepared</b> - Equipment costs 1 less. | T8: 6 | U8: <b>AP 1</b> | Z8: 2 | AA8: 2 | AE8: #000000 | AF8: #2b9800 | AG8: #000000 | AH8: #2b9800 | AI8: #2b9800 | AJ8: #2b9800 | AK8: {=INDEX(Factions!C:C, MATCH(E8, Factions!B:B, 0))} -> #e0e0d3 | AL8: {=INDEX(Factions!D:D, MATCH(E8, Factions!B:B, 0))} -> #4d4d4d | AM8: {=INDEX(Factions!E:E, MATCH(E8, Factions!B:B, 0))} -> #000000 | AN8: {=INDEX(Factions!F:F, MATCH(E8, Factions!B:B, 0))} -> #ffffff | AO8: {=concat(INDEX(Factions!G:G, MATCH(E8, Factions!B:B, 0)),".png")} -> skellies.png | AP8: =IFERROR(__xludf.DUMMYFUNCTION("MIN(FILTER(M8:M1098, F8:F1098=F8))"),1.0) -> 1 | AQ8: =Q8*L8 -> 5 | AR8: =IFERROR(__xludf.DUMMYFUNCTION("IF(and(REGEXMATCH(S8,""Vengence""),not(REGEXMATCH(S8, ""Protective Markings""))),AQ8,AQ8 * 6 / iferror(R8-1,6))"),10.0) -> 10 | AS8: =0 + if(P8="2d6",7,if(P8="d6",3.5,if(P8="d3",1.5,if(P8="2x2",4,if(P8="2x3",6,P8))))) -> 5 | AT8: =AS8*L8 -> 5 | AU8: =IFERROR(__xludf.DUMMYFUNCTION("IF(REGEXMATCH(S8,""<b>Poison</b>""),1+((1/(7-N8))/3),1)"),1.0) -> 1 | AV8: =IFERROR(__xludf.DUMMYFUNCTION("IF(REGEXMATCH(S8,""Vengence""),(7 - R8) / 3,0)"),0.0) -> 0 | AW8: =AV8 + (AT8*(7-N8)/6)*AU8 -> 3.3333333 | AX8: =AR8+(AW8*1.5) -> 15 | AY8: =IFERROR(__xludf.DUMMYFUNCTION("if(regexmatch(G8,""Mage|War Machine""),true,false)"),FALSE) -> FALSE
A9: 03_2A_2 | B9: Grave Beast | C9: =concatenate(E9," ",B9) -> Boneborn Grave Beast | D9: TRUE | E9: Boneborn | F9: Bonegiant | G9: Monster | H9: 5 | I9: 2 | L9: 1 | M9: 1 | N9: 4 | O9: - | P9: 4 | Q9: 7 | R9: 5 | S9: <b>Unstable</b> - Instead of rolling to flee, lose 1 extra wound <b>Revenants</b> - After combat, add a new wound for each enemy that died. Limited to the starting size. <b>Terrifying</b> - At the start of each round of combat, all enemy units in combat with it must roll to flee. If they flee out of combat, no combat takes place. | T9: 7 | Z9: 2 | AA9: 2 | AB9: 2 | AE9: #000000 | AF9: #000000 | AG9: #000000 | AH9: #000000 | AI9: #2b9800 | AJ9: #000000 | AK9: {=INDEX(Factions!C:C, MATCH(E9, Factions!B:B, 0))} -> #e0e0d3 | AL9: {=INDEX(Factions!D:D, MATCH(E9, Factions!B:B, 0))} -> #4d4d4d | AM9: {=INDEX(Factions!E:E, MATCH(E9, Factions!B:B, 0))} -> #000000 | AN9: {=INDEX(Factions!F:F, MATCH(E9, Factions!B:B, 0))} -> #ffffff | AO9: {=concat(INDEX(Factions!G:G, MATCH(E9, Factions!B:B, 0)),".png")} -> skellies.png | AP9: =IFERROR(__xludf.DUMMYFUNCTION("MIN(FILTER(M9:M1098, F9:F1098=F9))"),1.0) -> 1 | AQ9: =Q9*L9 -> 7 | AR9: =IFERROR(__xludf.DUMMYFUNCTION("IF(and(REGEXMATCH(S9,""Vengence""),not(REGEXMATCH(S9, ""Protective Markings""))),AQ9,AQ9 * 6 / iferror(R9-1,6))"),10.5) -> 10.5 | AS9: =0 + if(P9="2d6",7,if(P9="d6",3.5,if(P9="d3",1.5,if(P9="2x2",4,if(P9="2x3",6,P9))))) -> 4 | AT9: =AS9*L9 -> 4 | AU9: =IFERROR(__xludf.DUMMYFUNCTION("IF(REGEXMATCH(S9,""<b>Poison</b>""),1+((1/(7-N9))/3),1)"),1.0) -> 1 | AV9: =IFERROR(__xludf.DUMMYFUNCTION("IF(REGEXMATCH(S9,""Vengence""),(7 - R9) / 3,0)"),0.0) -> 0 | AW9: =AV9 + (AT9*(7-N9)/6)*AU9 -> 2 | AX9: =AR9+(AW9*1.5) -> 13.5 | AY9: =IFERROR(__xludf.DUMMYFUNCTION("if(regexmatch(G9,""Mage|War Machine""),true,false)"),FALSE) -> FALSE
A10: 03_2A_3 | B10: Skullclops | C10: =concatenate(E10," ",B10) -> Boneborn Skullclops | D10: TRUE | E10: Boneborn | F10: Bonegiant | G10: Monster | H10: 5 | I10: 2 | L10: 1 | M10: 1 | N10: 3 | O10: 3 | P10: 4 | Q10: 5 | R10: 5 | S10: <b>Unstable</b> - Instead of rolling to flee, lose 1 extra wound <b>Rock Lobber</b> - Ranged Weapon - Range 4, AP -2, Multiwound 3. | T10: 4 | Z10: 2 | AA10: 2 | AE10: #000000 | AF10: #2b9800 | AG10: #3467FF | AH10: #000000 | AI10: #2b9800 | AJ10: #000000 | AK10: {=INDEX(Factions!C:C, MATCH(E10, Factions!B:B, 0))} -> #e0e0d3 | AL10: {=INDEX(Factions!D:D, MATCH(E10, Factions!B:B, 0))} -> #4d4d4d | AM10: {=INDEX(Factions!E:E, MATCH(E10, Factions!B:B, 0))} -> #000000 | AN10: {=INDEX(Factions!F:F, MATCH(E10, Factions!B:B, 0))} -> #ffffff | AO10: {=concat(INDEX(Factions!G:G, MATCH(E10, Factions!B:B, 0)),".png")} -> skellies.png | AP10: =IFERROR(__xludf.DUMMYFUNCTION("MIN(FILTER(M10:M1098, F10:F1098=F10))"),1.0) -> 1 | AQ10: =Q10*L10 -> 5 | AR10: =IFERROR(__xludf.DUMMYFUNCTION("IF(and(REGEXMATCH(S10,""Vengence""),not(REGEXMATCH(S10, ""Protective Markings""))),AQ10,AQ10 * 6 / iferror(R10-1,6))"),7.5) -> 7.5 | AS10: =0 + if(P10="2d6",7,if(P10="d6",3.5,if(P10="d3",1.5,if(P10="2x2",4,if(P10="2x3",6,P10))))) -> 4 | AT10: =AS10*L10 -> 4 | AU10: =IFERROR(__xludf.DUMMYFUNCTION("IF(REGEXMATCH(S10,""<b>Poison</b>""),1+((1/(7-N10))/3),1)"),1.0) -> 1 | AV10: =IFERROR(__xludf.DUMMYFUNCTION("IF(REGEXMATCH(S10,""Vengence""),(7 - R10) / 3,0)"),0.0) -> 0 | AW10: =AV10 + (AT10*(7-N10)/6)*AU10 -> 2.6666667 | AX10: =AR10+(AW10*1.5) -> 11.5 | AY10: =IFERROR(__xludf.DUMMYFUNCTION("if(regexmatch(G10,""Mage|War Machine""),true,false)"),FALSE) -> FALSE
A11: 03_2B_2 | B11: Terrormancers | C11: =concatenate(E11," ",B11) -> Boneborn Terrormancers | D11: TRUE | E11: Boneborn | F11: Liches | G11: Attack Mage | H11: 6 | I11: 2 | L11: 3 | M11: 1 | N11: 4 | O11: 4 | P11: 2 | Q11: 2 | R11: 5 | S11: <b>Unstable</b> - Instead of rolling to flee, lose 1 extra wound <b>Bone Spurs</b> - Ranged weapon. Can target any unit adjacent to a friendly Boneborn unit. Can fire into combat. Units wounded by this attack must immediately roll to flee. | T11: 3 | W11: 2 | AE11: #000000 | AF11: #000000 | AG11: #2b9800 | AH11: #000000 | AI11: #000000 | AJ11: #000000 | AK11: {=INDEX(Factions!C:C, MATCH(E11, Factions!B:B, 0))} -> #e0e0d3 | AL11: {=INDEX(Factions!D:D, MATCH(E11, Factions!B:B, 0))} -> #4d4d4d | AM11: {=INDEX(Factions!E:E, MATCH(E11, Factions!B:B, 0))} -> #000000 | AN11: {=INDEX(Factions!F:F, MATCH(E11, Factions!B:B, 0))} -> #ffffff | AO11: {=concat(INDEX(Factions!G:G, MATCH(E11, Factions!B:B, 0)),".png")} -> skellies.png | AP11: =IFERROR(__xludf.DUMMYFUNCTION("MIN(FILTER(M11:M1098, F11:F1098=F11))"),1.0) -> 1 | AQ11: =Q11*L11 -> 6 | AR11: =IFERROR(__xludf.DUMMYFUNCTION("IF(and(REGEXMATCH(S11,""Vengence""),not(REGEXMATCH(S11, ""Protective Markings""))),AQ11,AQ11 * 6 / iferror(R11-1,6))"),9.0) -> 9 | AS11: =0 + if(P11="2d6",7,if(P11="d6",3.5,if(P11="d3",1.5,if(P11="2x2",4,if(P11="2x3",6,P11))))) -> 2 | AT11: =AS11*L11 -> 6 | AU11: =IFERROR(__xludf.DUMMYFUNCTION("IF(REGEXMATCH(S11,""<b>Poison</b>""),1+((1/(7-N11))/3),1)"),1.0) -> 1 | AV11: =IFERROR(__xludf.DUMMYFUNCTION("IF(REGEXMATCH(S11,""Vengence""),(7 - R11) / 3,0)"),0.0) -> 0 | AW11: =AV11 + (AT11*(7-N11)/6)*AU11 -> 3 | AX11: =AR11+(AW11*1.5) -> 13.5 | AY11: =IFERROR(__xludf.DUMMYFUNCTION("if(regexmatch(G11,""Mage|War Machine""),true,false)"),TRUE) -> TRUE
A12: 03_2B_3 | B12: Blood Mages | C12: =concatenate(E12," ",B12) -> Boneborn Blood Mages | D12: TRUE | E12: Boneborn | F12: Liches | G12: Attack Infantry | H12: 6 | I12: 2 | L12: 3 | M12: 1 | N12: 3 | O12: - | P12: 3 | Q12: 2 | R12: 5 | S12: <b>Unstable</b> - Instead of rolling to flee, lose 1 extra wound <b>Blood Rites</b> - After combat, roll an extra attack for each wound this unit dealt in combat. This can damage a unit that has fled from it. | T12: 6 | W12: 2 | AE12: #000000 | AF12: #2b9800 | AG12: #000000 | AH12: #2b9800 | AI12: #000000 | AJ12: #000000 | AK12: {=INDEX(Factions!C:C, MATCH(E12, Factions!B:B, 0))} -> #e0e0d3 | AL12: {=INDEX(Factions!D:D, MATCH(E12, Factions!B:B, 0))} -> #4d4d4d | AM12: {=INDEX(Factions!E:E, MATCH(E12, Factions!B:B, 0))} -> #000000 | AN12: {=INDEX(Factions!F:F, MATCH(E12, Factions!B:B, 0))} -> #ffffff | AO12: {=concat(INDEX(Factions!G:G, MATCH(E12, Factions!B:B, 0)),".png")} -> skellies.png | AP12: =IFERROR(__xludf.DUMMYFUNCTION("MIN(FILTER(M12:M1098, F12:F1098=F12))"),1.0) -> 1 | AQ12: =Q12*L12 -> 6 | AR12: =IFERROR(__xludf.DUMMYFUNCTION("IF(and(REGEXMATCH(S12,""Vengence""),not(REGEXMATCH(S12, ""Protective Markings""))),AQ12,AQ12 * 6 / iferror(R12-1,6))"),9.0) -> 9 | AS12: =0 + if(P12="2d6",7,if(P12="d6",3.5,if(P12="d3",1.5,if(P12="2x2",4,if(P12="2x3",6,P12))))) -> 3 | AT12: =AS12*L12 -> 9 | AU12: =IFERROR(__xludf.DUMMYFUNCTION("IF(REGEXMATCH(S12,""<b>Poison</b>""),1+((1/(7-N12))/3),1)"),1.0) -> 1 | AV12: =IFERROR(__xludf.DUMMYFUNCTION("IF(REGEXMATCH(S12,""Vengence""),(7 - R12) / 3,0)"),0.0) -> 0 | AW12: =AV12 + (AT12*(7-N12)/6)*AU12 -> 6 | AX12: =AR12+(AW12*1.5) -> 18 | AY12: =IFERROR(__xludf.DUMMYFUNCTION("if(regexmatch(G12,""Mage|War Machine""),true,false)"),FALSE) -> FALSE
A13: 03_2C_1 | B13: Wall of Flesh | C13: =concatenate(E13," ",B13) -> Boneborn Wall of Flesh | D13: TRUE | E13: Boneborn | F13: Zombies | G13: Heavy Infantry | H13: 6 | I13: 2 | L13: 6 | M13: 1 | N13: 5 | O13: - | P13: 1 | Q13: 2 | R13: 5 | S13: <b>Unstable</b> - Instead of rolling to flee, lose 1 extra wound <b>Spongey 2</b> - Ignore 2 damage every round of combat or when hit by a ranged attack. <b>Slow</b> - Can't hustle | T13: 7.25 | Y13: 2 | Z13: 2 | AA13: 2 | AC13: 2 | AE13: #000000 | AF13: #cc0000 | AG13: #000000 | AH13: #000000 | AI13: #2b9800 | AJ13: #000000 | AK13: {=INDEX(Factions!C:C, MATCH(E13, Factions!B:B, 0))} -> #e0e0d3 | AL13: {=INDEX(Factions!D:D, MATCH(E13, Factions!B:B, 0))} -> #4d4d4d | AM13: {=INDEX(Factions!E:E, MATCH(E13, Factions!B:B, 0))} -> #000000 | AN13: {=INDEX(Factions!F:F, MATCH(E13, Factions!B:B, 0))} -> #ffffff | AO13: {=concat(INDEX(Factions!G:G, MATCH(E13, Factions!B:B, 0)),".png")} -> skellies.png | AP13: =IFERROR(__xludf.DUMMYFUNCTION("MIN(FILTER(M13:M1098, F13:F1098=F13))"),1.0) -> 1 | AQ13: =Q13*L13 -> 12 | AR13: =IFERROR(__xludf.DUMMYFUNCTION("IF(and(REGEXMATCH(S13,""Vengence""),not(REGEXMATCH(S13, ""Protective Markings""))),AQ13,AQ13 * 6 / iferror(R13-1,6))"),18.0) -> 18 | AS13: =0 + if(P13="2d6",7,if(P13="d6",3.5,if(P13="d3",1.5,if(P13="2x2",4,if(P13="2x3",6,P13))))) -> 1 | AT13: =AS13*L13 -> 6 | AU13: =IFERROR(__xludf.DUMMYFUNCTION("IF(REGEXMATCH(S13,""<b>Poison</b>""),1+((1/(7-N13))/3),1)"),1.0) -> 1 | AV13: =IFERROR(__xludf.DUMMYFUNCTION("IF(REGEXMATCH(S13,""Vengence""),(7 - R13) / 3,0)"),0.0) -> 0 | AW13: =AV13 + (AT13*(7-N13)/6)*AU13 -> 2 | AX13: =AR13+(AW13*1.5) -> 21 | AY13: =IFERROR(__xludf.DUMMYFUNCTION("if(regexmatch(G13,""Mage|War Machine""),true,false)"),FALSE) -> FALSE
A14: 03_2C_3 | B14: Rotting Dead | C14: =concatenate(E14," ",B14) -> Boneborn Rotting Dead | D14: TRUE | E14: Boneborn | F14: Zombies | G14: Unique | H14: 6 | I14: 2 | L14: 6 | M14: 1 | N14: 5 | O14: - | P14: 1 | Q14: 2 | R14: 5 | S14: <b>Unstable</b> - Instead of rolling to flee, lose 1 extra wound <b>Poison</b> - 6s to hit can't be saved <b>Plague</b> - At the end of each player's turn, units adjacent to this unit suffer a wound on a 4+ with no armour saves allowed. Does not affect Boneborn units. | T14: 6 | Y14: 2 | Z14: 2 | AA14: 2 | AB14: 2 | AC14: 2 | AE14: #000000 | AF14: #cc0000 | AG14: #000000 | AH14: #000000 | AI14: #2b9800 | AJ14: #000000 | AK14: {=INDEX(Factions!C:C, MATCH(E14, Factions!B:B, 0))} -> #e0e0d3 | AL14: {=INDEX(Factions!D:D, MATCH(E14, Factions!B:B, 0))} -> #4d4d4d | AM14: {=INDEX(Factions!E:E, MATCH(E14, Factions!B:B, 0))} -> #000000 | AN14: {=INDEX(Factions!F:F, MATCH(E14, Factions!B:B, 0))} -> #ffffff | AO14: {=concat(INDEX(Factions!G:G, MATCH(E14, Factions!B:B, 0)),".png")} -> skellies.png | AP14: =IFERROR(__xludf.DUMMYFUNCTION("MIN(FILTER(M14:M1098, F14:F1098=F14))"),1.0) -> 1 | AQ14: =Q14*L14 -> 12 | AR14: =IFERROR(__xludf.DUMMYFUNCTION("IF(and(REGEXMATCH(S14,""Vengence""),not(REGEXMATCH(S14, ""Protective Markings""))),AQ14,AQ14 * 6 / iferror(R14-1,6))"),18.0) -> 18 | AS14: =0 + if(P14="2d6",7,if(P14="d6",3.5,if(P14="d3",1.5,if(P14="2x2",4,if(P14="2x3",6,P14))))) -> 1 | AT14: =AS14*L14 -> 6 | AU14: =IFERROR(__xludf.DUMMYFUNCTION("IF(REGEXMATCH(S14,""<b>Poison</b>""),1+((1/(7-N14))/3),1)"),1.1666666666666667) -> 1.1666667 | AV14: =IFERROR(__xludf.DUMMYFUNCTION("IF(REGEXMATCH(S14,""Vengence""),(7 - R14) / 3,0)"),0.0) -> 0 | AW14: =AV14 + (AT14*(7-N14)/6)*AU14 -> 2.3333333 | AX14: =AR14+(AW14*1.5) -> 21.5 | AY14: =IFERROR(__xludf.DUMMYFUNCTION("if(regexmatch(G14,""Mage|War Machine""),true,false)"),FALSE) -> FALSE
A15: 03_2B_1 | B15: Necromancers | C15: =concatenate(E15," ",B15) -> Boneborn Necromancers | D15: TRUE | E15: Boneborn | F15: Liches | G15: Support Mage | H15: 6 | I15: 2 | L15: 3 | M15: 1 | N15: 2 | O15: - | P15: 1 | Q15: 2 | R15: 6 | S15: <b>Unstable</b> - Instead of rolling to flee, lose 1 extra wound <b>Raise the Dead 1</b> - Free action: Choose an undead unit and heal 1 wound per Necromancer. This can resurrect models. Limited to the starting number of units/wounds. <b>Stabalizer</b> - Units affected by Raise the Dead do not lose wounds due to unstable this turn. | T15: 3 | W15: 2 | AE15: #000000 | AF15: #3467FF | AG15: #000000 | AH15: #cc0000 | AI15: #000000 | AJ15: #cc0000 | AK15: {=INDEX(Factions!C:C, MATCH(E15, Factions!B:B, 0))} -> #e0e0d3 | AL15: {=INDEX(Factions!D:D, MATCH(E15, Factions!B:B, 0))} -> #4d4d4d | AM15: {=INDEX(Factions!E:E, MATCH(E15, Factions!B:B, 0))} -> #000000 | AN15: {=INDEX(Factions!F:F, MATCH(E15, Factions!B:B, 0))} -> #ffffff | AO15: {=concat(INDEX(Factions!G:G, MATCH(E15, Factions!B:B, 0)),".png")} -> skellies.png | AP15: =IFERROR(__xludf.DUMMYFUNCTION("MIN(FILTER(M15:M1098, F15:F1098=F15))"),1.0) -> 1 | AQ15: =Q15*L15 -> 6 | AR15: =IFERROR(__xludf.DUMMYFUNCTION("IF(and(REGEXMATCH(S15,""Vengence""),not(REGEXMATCH(S15, ""Protective Markings""))),AQ15,AQ15 * 6 / iferror(R15-1,6))"),7.2) -> 7.2 | AS15: =0 + if(P15="2d6",7,if(P15="d6",3.5,if(P15="d3",1.5,if(P15="2x2",4,if(P15="2x3",6,P15))))) -> 1 | AT15: =AS15*L15 -> 3 | AU15: =IFERROR(__xludf.DUMMYFUNCTION("IF(REGEXMATCH(S15,""<b>Poison</b>""),1+((1/(7-N15))/3),1)"),1.0) -> 1 | AV15: =IFERROR(__xludf.DUMMYFUNCTION("IF(REGEXMATCH(S15,""Vengence""),(7 - R15) / 3,0)"),0.0) -> 0 | AW15: =AV15 + (AT15*(7-N15)/6)*AU15 -> 2.5 | AX15: =AR15+(AW15*1.5) -> 10.95 | AY15: =IFERROR(__xludf.DUMMYFUNCTION("if(regexmatch(G15,""Mage|War Machine""),true,false)"),TRUE) -> TRUE
A16: 03_2C_2 | B16: Ghouls | C16: =concatenate(E16," ",B16) -> Boneborn Ghouls | D16: TRUE | E16: Boneborn | F16: Zombies | G16: Fast Infantry | H16: 6 | I16: 2 | L16: 6 | M16: 1 | N16: 4 | O16: - | P16: 1 | Q16: 2 | R16: 6 | S16: <b>Unstable</b> - Instead of rolling to flee, lose 1 extra wound <b>Fresh Revenants</b> - After combat, add a new ghoul with full health for each enemy that died. Limited to the starting size. <b>Fast</b> - Rolls two hustle die, so it can travel up to two extra squares. | T16: 6.75 | Z16: 2 | AA16: 2 | AB16: 2 | AE16: #000000 | AF16: #000000 | AG16: #000000 | AH16: #000000 | AI16: #2b9800 | AJ16: #cc0000 | AK16: {=INDEX(Factions!C:C, MATCH(E16, Factions!B:B, 0))} -> #e0e0d3 | AL16: {=INDEX(Factions!D:D, MATCH(E16, Factions!B:B, 0))} -> #4d4d4d | AM16: {=INDEX(Factions!E:E, MATCH(E16, Factions!B:B, 0))} -> #000000 | AN16: {=INDEX(Factions!F:F, MATCH(E16, Factions!B:B, 0))} -> #ffffff | AO16: {=concat(INDEX(Factions!G:G, MATCH(E16, Factions!B:B, 0)),".png")} -> skellies.png | AP16: =IFERROR(__xludf.DUMMYFUNCTION("MIN(FILTER(M16:M1098, F16:F1098=F16))"),1.0) -> 1 | AQ16: =Q16*L16 -> 12 | AR16: =IFERROR(__xludf.DUMMYFUNCTION("IF(and(REGEXMATCH(S16,""Vengence""),not(REGEXMATCH(S16, ""Protective Markings""))),AQ16,AQ16 * 6 / iferror(R16-1,6))"),14.4) -> 14.4 | AS16: =0 + if(P16="2d6",7,if(P16="d6",3.5,if(P16="d3",1.5,if(P16="2x2",4,if(P16="2x3",6,P16))))) -> 1 | AT16: =AS16*L16 -> 6 | AU16: =IFERROR(__xludf.DUMMYFUNCTION("IF(REGEXMATCH(S16,""<b>Poison</b>""),1+((1/(7-N16))/3),1)"),1.0) -> 1 | AV16: =IFERROR(__xludf.DUMMYFUNCTION("IF(REGEXMATCH(S16,""Vengence""),(7 - R16) / 3,0)"),0.0) -> 0 | AW16: =AV16 + (AT16*(7-N16)/6)*AU16 -> 3 | AX16: =AR16+(AW16*1.5) -> 18.9 | AY16: =IFERROR(__xludf.DUMMYFUNCTION("if(regexmatch(G16,""Mage|War Machine""),true,false)"),FALSE) -> FALSE
A17: 06_1_4 | B17: Supplicants | C17: =concatenate(E17," ",B17) -> Coppersand Supplicants | D17: TRUE | E17: Coppersand | F17: Mechanics | G17: Unique | H17: 6 | I17: 1 | J17: 2 | L17: 5 | M17: 1 | N17: 5 | O17: - | P17: 1 | Q17: 1 | R17: - | S17: <b>Mechanics</b> - At the start of your turn, heal 1 wound on an adjacent construct. <b>Meatshields</b> - When an adjacent friendly construct is attacked, before rolling to block, you may redirect all of the attacks to this unit. Any wounds taken count towards combat resolution. <b>Unprotected</b> - Reveal this unit when an attack hits it, rather than using the default block. | T17: 2 | Y17: 1 | AC17: 1 | AE17: #000000 | AF17: #cc0000 | AG17: #000000 | AH17: #000000 | AI17: #000000 | AJ17: #cc0000 | AK17: {=INDEX(Factions!C:C, MATCH(E17, Factions!B:B, 0))} -> #ffb317 | AL17: {=INDEX(Factions!D:D, MATCH(E17, Factions!B:B, 0))} -> #cf6c23 | AM17: {=INDEX(Factions!E:E, MATCH(E17, Factions!B:B, 0))} -> #000000 | AN17: {=INDEX(Factions!F:F, MATCH(E17, Factions!B:B, 0))} -> #ffffff | AO17: {=concat(INDEX(Factions!G:G, MATCH(E17, Factions!B:B, 0)),".png")} -> gremlins.png | AP17: =IFERROR(__xludf.DUMMYFUNCTION("MIN(FILTER(M17:M1098, F17:F1098=F17))"),1.0) -> 1 | AQ17: =Q17*L17 -> 5 | AR17: =IFERROR(__xludf.DUMMYFUNCTION("IF(and(REGEXMATCH(S17,""Vengence""),not(REGEXMATCH(S17, ""Protective Markings""))),AQ17,AQ17 * 6 / iferror(R17-1,6))"),5.0) -> 5 | AS17: =0 + if(P17="2d6",7,if(P17="d6",3.5,if(P17="d3",1.5,if(P17="2x2",4,if(P17="2x3",6,P17))))) -> 1 | AT17: =AS17*L17 -> 5 | AU17: =IFERROR(__xludf.DUMMYFUNCTION("IF(REGEXMATCH(S17,""<b>Poison</b>""),1+((1/(7-N17))/3),1)"),1.0) -> 1 | AV17: =IFERROR(__xludf.DUMMYFUNCTION("IF(REGEXMATCH(S17,""Vengence""),(7 - R17) / 3,0)"),0.0) -> 0 | AW17: =AV17 + (AT17*(7-N17)/6)*AU17 -> 1.6666667 | AX17: =AR17+(AW17*1.5) -> 7.5 | AY17: =IFERROR(__xludf.DUMMYFUNCTION("if(regexmatch(G17,""Mage|War Machine""),true,false)"),FALSE) -> FALSE
A18: 06_1_1 | B18: Warriors | C18: =concatenate(E18," ",B18) -> Coppersand Warriors | D18: TRUE | E18: Coppersand | F18: Mechanics | G18: Warriors | H18: 6 | I18: 1 | J18: 2 | L18: 5 | M18: 1 | N18: 4 | O18: 6 | P18: 1 | Q18: 1 | R18: 5 | S18: <b>Mechanics</b> - At the start of your turn, heal 1 wound on an adjacent construct. | T18: 3.5 | Y18: 1 | Z18: 1 | AA18: 1 | AB18: 1 | AC18: 1 | AD18: 1 | AE18: #000000 | AF18: #000000 | AG18: #000000 | AH18: #000000 | AI18: #000000 | AJ18: #000000 | AK18: {=INDEX(Factions!C:C, MATCH(E18, Factions!B:B, 0))} -> #ffb317 | AL18: {=INDEX(Factions!D:D, MATCH(E18, Factions!B:B, 0))} -> #cf6c23 | AM18: {=INDEX(Factions!E:E, MATCH(E18, Factions!B:B, 0))} -> #000000 | AN18: {=INDEX(Factions!F:F, MATCH(E18, Factions!B:B, 0))} -> #ffffff | AO18: {=concat(INDEX(Factions!G:G, MATCH(E18, Factions!B:B, 0)),".png")} -> gremlins.png | AP18: =IFERROR(__xludf.DUMMYFUNCTION("MIN(FILTER(M18:M1098, F18:F1098=F18))"),1.0) -> 1 | AQ18: =Q18*L18 -> 5 | AR18: =IFERROR(__xludf.DUMMYFUNCTION("IF(and(REGEXMATCH(S18,""Vengence""),not(REGEXMATCH(S18, ""Protective Markings""))),AQ18,AQ18 * 6 / iferror(R18-1,6))"),7.5) -> 7.5 | AS18: =0 + if(P18="2d6",7,if(P18="d6",3.5,if(P18="d3",1.5,if(P18="2x2",4,if(P18="2x3",6,P18))))) -> 1 | AT18: =AS18*L18 -> 5 | AU18: =IFERROR(__xludf.DUMMYFUNCTION("IF(REGEXMATCH(S18,""<b>Poison</b>""),1+((1/(7-N18))/3),1)"),1.0) -> 1 | AV18: =IFERROR(__xludf.DUMMYFUNCTION("IF(REGEXMATCH(S18,""Vengence""),(7 - R18) / 3,0)"),0.0) -> 0 | AW18: =AV18 + (AT18*(7-N18)/6)*AU18 -> 2.5 | AX18: =AR18+(AW18*1.5) -> 11.25 | AY18: =IFERROR(__xludf.DUMMYFUNCTION("if(regexmatch(G18,""Mage|War Machine""),true,false)"),FALSE) -> FALSE
A19: 06_1_2 | B19: Gunners | C19: =concatenate(E19," ",B19) -> Coppersand Gunners | D19: TRUE | E19: Coppersand | F19: Mechanics | G19: Archers | H19: 6 | I19: 1 | J19: 2 | L19: 5 | M19: 1 | N19: 5 | O19: 4 | P19: 1 | Q19: 1 | R19: 6 | S19: <b>Mechanics</b> - At the start of your turn, heal 1 wound on an adjacent construct. | T19: 2.5 | Y19: 1 | Z19: 1 | AA19: 1 | AB19: 1 | AC19: 1 | AD19: 1 | AE19: #000000 | AF19: #cc0000 | AG19: #2b9800 | AH19: #000000 | AI19: #000000 | AJ19: #cc0000 | AK19: {=INDEX(Factions!C:C, MATCH(E19, Factions!B:B, 0))} -> #ffb317 | AL19: {=INDEX(Factions!D:D, MATCH(E19, Factions!B:B, 0))} -> #cf6c23 | AM19: {=INDEX(Factions!E:E, MATCH(E19, Factions!B:B, 0))} -> #000000 | AN19: {=INDEX(Factions!F:F, MATCH(E19, Factions!B:B, 0))} -> #ffffff | AO19: {=concat(INDEX(Factions!G:G, MATCH(E19, Factions!B:B, 0)),".png")} -> gremlins.png | AP19: =IFERROR(__xludf.DUMMYFUNCTION("MIN(FILTER(M19:M1098, F19:F1098=F19))"),1.0) -> 1 | AQ19: =Q19*L19 -> 5 | AR19: =IFERROR(__xludf.DUMMYFUNCTION("IF(and(REGEXMATCH(S19,""Vengence""),not(REGEXMATCH(S19, ""Protective Markings""))),AQ19,AQ19 * 6 / iferror(R19-1,6))"),6.0) -> 6 | AS19: =0 + if(P19="2d6",7,if(P19="d6",3.5,if(P19="d3",1.5,if(P19="2x2",4,if(P19="2x3",6,P19))))) -> 1 | AT19: =AS19*L19 -> 5 | AU19: =IFERROR(__xludf.DUMMYFUNCTION("IF(REGEXMATCH(S19,""<b>Poison</b>""),1+((1/(7-N19))/3),1)"),1.0) -> 1 | AV19: =IFERROR(__xludf.DUMMYFUNCTION("IF(REGEXMATCH(S19,""Vengence""),(7 - R19) / 3,0)"),0.0) -> 0 | AW19: =AV19 + (AT19*(7-N19)/6)*AU19 -> 1.6666667 | AX19: =AR19+(AW19*1.5) -> 8.5 | AY19: =IFERROR(__xludf.DUMMYFUNCTION("if(regexmatch(G19,""Mage|War Machine""),true,false)"),FALSE) -> FALSE
A20: 06_1_3 | B20: Sappers | C20: =concatenate(E20," ",B20) -> Coppersand Sappers | D20: TRUE | E20: Coppersand | F20: Mechanics | G20: Unique | H20: 6 | I20: 1 | J20: 2 | L20: 5 | M20: 1 | N20: 6 | O20: 5 | P20: 1 | Q20: 1 | R20: 6 | S20: <b>Mechanics</b> - At the start of your turn, heal 1 wound on an adjacent construct. <b>Entrench</b> - Units that move adjacent to this unit are disrupted. Each model in the unit takes a wound, hitting on that unit's block score. This affects friendly units as well. | T20: 2 | Y20: 1 | Z20: 1 | AA20: 1 | AB20: 1 | AC20: 1 | AD20: 1 | AE20: #000000 | AF20: #cc0000 | AG20: #2b9800 | AH20: #000000 | AI20: #000000 | AJ20: #cc0000 | AK20: {=INDEX(Factions!C:C, MATCH(E20, Factions!B:B, 0))} -> #ffb317 | AL20: {=INDEX(Factions!D:D, MATCH(E20, Factions!B:B, 0))} -> #cf6c23 | AM20: {=INDEX(Factions!E:E, MATCH(E20, Factions!B:B, 0))} -> #000000 | AN20: {=INDEX(Factions!F:F, MATCH(E20, Factions!B:B, 0))} -> #ffffff | AO20: {=concat(INDEX(Factions!G:G, MATCH(E20, Factions!B:B, 0)),".png")} -> gremlins.png | AP20: =IFERROR(__xludf.DUMMYFUNCTION("MIN(FILTER(M20:M1098, F20:F1098=F20))"),1.0) -> 1 | AQ20: =Q20*L20 -> 5 | AR20: =IFERROR(__xludf.DUMMYFUNCTION("IF(and(REGEXMATCH(S20,""Vengence""),not(REGEXMATCH(S20, ""Protective Markings""))),AQ20,AQ20 * 6 / iferror(R20-1,6))"),6.0) -> 6 | AS20: =0 + if(P20="2d6",7,if(P20="d6",3.5,if(P20="d3",1.5,if(P20="2x2",4,if(P20="2x3",6,P20))))) -> 1 | AT20: =AS20*L20 -> 5 | AU20: =IFERROR(__xludf.DUMMYFUNCTION("IF(REGEXMATCH(S20,""<b>Poison</b>""),1+((1/(7-N20))/3),1)"),1.0) -> 1 | AV20: =IFERROR(__xludf.DUMMYFUNCTION("IF(REGEXMATCH(S20,""Vengence""),(7 - R20) / 3,0)"),0.0) -> 0 | AW20: =AV20 + (AT20*(7-N20)/6)*AU20 -> 0.83333333 | AX20: =AR20+(AW20*1.5) -> 7.25 | AY20: =IFERROR(__xludf.DUMMYFUNCTION("if(regexmatch(G20,""Mage|War Machine""),true,false)"),FALSE) -> FALSE
A21: 06_1_5 | B21: Artificers | C21: =concatenate(E21," ",B21) -> Coppersand Artificers | D21: TRUE | E21: Coppersand | F21: Mechanics | G21: Infantry | H21: 6 | I21: 1 | J21: 3 | L21: 5 | M21: 1 | N21: 4 | O21: 5 | P21: 1 | Q21: 1 | R21: 5 | S21: <b>Mechanics</b> - At the start of your turn, heal 1 wound on an adjacent construct <b>Prepared Equipment</b> - Equip this unit with one piece of free uncommon equipment, or two pieces of common equipment. <b>Equippable</b> - Able to equip uncommon equipment | T21: 4.5 | U21: <b>AP 2</b> | Y21: 2 | Z21: 2 | AA21: 2 | AB21: 2 | AC21: 2 | AD21: 2 | AE21: #000000 | AF21: #000000 | AG21: #2b9800 | AH21: #000000 | AI21: #000000 | AJ21: #000000 | AK21: {=INDEX(Factions!C:C, MATCH(E21, Factions!B:B, 0))} -> #ffb317 | AL21: {=INDEX(Factions!D:D, MATCH(E21, Factions!B:B, 0))} -> #cf6c23 | AM21: {=INDEX(Factions!E:E, MATCH(E21, Factions!B:B, 0))} -> #000000 | AN21: {=INDEX(Factions!F:F, MATCH(E21, Factions!B:B, 0))} -> #ffffff | AO21: {=concat(INDEX(Factions!G:G, MATCH(E21, Factions!B:B, 0)),".png")} -> gremlins.png | AP21: =IFERROR(__xludf.DUMMYFUNCTION("MIN(FILTER(M21:M1098, F21:F1098=F21))"),1.0) -> 1 | AQ21: =Q21*L21 -> 5 | AR21: =IFERROR(__xludf.DUMMYFUNCTION("IF(and(REGEXMATCH(S21,""Vengence""),not(REGEXMATCH(S21, ""Protective Markings""))),AQ21,AQ21 * 6 / iferror(R21-1,6))"),7.5) -> 7.5 | AS21: =0 + if(P21="2d6",7,if(P21="d6",3.5,if(P21="d3",1.5,if(P21="2x2",4,if(P21="2x3",6,P21))))) -> 1 | AT21: =AS21*L21 -> 5 | AU21: =IFERROR(__xludf.DUMMYFUNCTION("IF(REGEXMATCH(S21,""<b>Poison</b>""),1+((1/(7-N21))/3),1)"),1.0) -> 1 | AV21: =IFERROR(__xludf.DUMMYFUNCTION("IF(REGEXMATCH(S21,""Vengence""),(7 - R21) / 3,0)"),0.0) -> 0 | AW21: =AV21 + (AT21*(7-N21)/6)*AU21 -> 2.5 | AX21: =AR21+(AW21*1.5) -> 11.25 | AY21: =IFERROR(__xludf.DUMMYFUNCTION("if(regexmatch(G21,""Mage|War Machine""),true,false)"),FALSE) -> FALSE
A22: 06_1_6 | B22: Snipers | C22: =concatenate(E22," ",B22) -> Coppersand Snipers | D22: TRUE | E22: Coppersand | F22: Mechanics | G22: Archers | H22: 6 | I22: 1 | J22: 3 | L22: 5 | M22: 1 | N22: 5 | O22: 4 | P22: 1 | Q22: 1 | R22: 5 | S22: <b>Mechanics</b> - At the start of your turn, heal 1 wound on an adjacent construct. <b>Long Range</b> - This unit's ranged weapons gain 1 range. | T22: 2.5 | Y22: 1 | Z22: 1 | AA22: 1 | AB22: 1 | AC22: 1 | AD22: 1 | AE22: #000000 | AF22: #cc0000 | AG22: #2b9800 | AH22: #2b9800 | AI22: #cc0000 | AJ22: #000000 | AK22: {=INDEX(Factions!C:C, MATCH(E22, Factions!B:B, 0))} -> #ffb317 | AL22: {=INDEX(Factions!D:D, MATCH(E22, Factions!B:B, 0))} -> #cf6c23 | AM22: {=INDEX(Factions!E:E, MATCH(E22, Factions!B:B, 0))} -> #000000 | AN22: {=INDEX(Factions!F:F, MATCH(E22, Factions!B:B, 0))} -> #ffffff | AO22: {=concat(INDEX(Factions!G:G, MATCH(E22, Factions!B:B, 0)),".png")} -> gremlins.png | AP22: =IFERROR(__xludf.DUMMYFUNCTION("MIN(FILTER(M22:M1098, F22:F1098=F22))"),1.0) -> 1 | AQ22: =Q22*L22 -> 5 | AR22: =IFERROR(__xludf.DUMMYFUNCTION("IF(and(REGEXMATCH(S22,""Vengence""),not(REGEXMATCH(S22, ""Protective Markings""))),AQ22,AQ22 * 6 / iferror(R22-1,6))"),7.5) -> 7.5 | AS22: =0 + if(P22="2d6",7,if(P22="d6",3.5,if(P22="d3",1.5,if(P22="2x2",4,if(P22="2x3",6,P22))))) -> 1 | AT22: =AS22*L22 -> 5 | AU22: =IFERROR(__xludf.DUMMYFUNCTION("IF(REGEXMATCH(S22,""<b>Poison</b>""),1+((1/(7-N22))/3),1)"),1.0) -> 1 | AV22: =IFERROR(__xludf.DUMMYFUNCTION("IF(REGEXMATCH(S22,""Vengence""),(7 - R22) / 3,0)"),0.0) -> 0 | AW22: =AV22 + (AT22*(7-N22)/6)*AU22 -> 1.6666667 | AX22: =AR22+(AW22*1.5) -> 10 | AY22: =IFERROR(__xludf.DUMMYFUNCTION("if(regexmatch(G22,""Mage|War Machine""),true,false)"),FALSE) -> FALSE
A23: 06_2B_3 | B23: Warcrane | C23: =concatenate(E23," ",B23) -> Coppersand Warcrane | D23: TRUE | E23: Coppersand | F23: Colossus | G23: Monster | H23: 5 | I23: 2 | L23: 1 | M23: 1 | N23: 5 | O23: - | P23: 5 | Q23: 7 | R23: 3 | S23: <b>Construct</b> - Immune to fear checks while adjacent to a mechanic. Dies if it flees. <b>Lift and Shift</b> - Action: Rotate an adjacent unit 90 degrees around this unit. You may rotate this unit in the same direction. May not move units off the board. The unit counts as having moved for the purpose of rules like Entrenched. | T23: 6 | AE23: #000000 | AF23: #cc0000 | AG23: #000000 | AH23: #2b9800 | AI23: #2b9800 | AJ23: #3467FF | AK23: {=INDEX(Factions!C:C, MATCH(E23, Factions!B:B, 0))} -> #ffb317 | AL23: {=INDEX(Factions!D:D, MATCH(E23, Factions!B:B, 0))} -> #cf6c23 | AM23: {=INDEX(Factions!E:E, MATCH(E23, Factions!B:B, 0))} -> #000000 | AN23: {=INDEX(Factions!F:F, MATCH(E23, Factions!B:B, 0))} -> #ffffff | AO23: {=concat(INDEX(Factions!G:G, MATCH(E23, Factions!B:B, 0)),".png")} -> gremlins.png | AP23: =IFERROR(__xludf.DUMMYFUNCTION("MIN(FILTER(M23:M1098, F23:F1098=F23))"),1.0) -> 1 | AQ23: =Q23*L23 -> 7 | AR23: =IFERROR(__xludf.DUMMYFUNCTION("IF(and(REGEXMATCH(S23,""Vengence""),not(REGEXMATCH(S23, ""Protective Markings""))),AQ23,AQ23 * 6 / iferror(R23-1,6))"),21.0) -> 21 | AS23: =0 + if(P23="2d6",7,if(P23="d6",3.5,if(P23="d3",1.5,if(P23="2x2",4,if(P23="2x3",6,P23))))) -> 5 | AT23: =AS23*L23 -> 5 | AU23: =IFERROR(__xludf.DUMMYFUNCTION("IF(REGEXMATCH(S23,""<b>Poison</b>""),1+((1/(7-N23))/3),1)"),1.0) -> 1 | AV23: =IFERROR(__xludf.DUMMYFUNCTION("IF(REGEXMATCH(S23,""Vengence""),(7 - R23) / 3,0)"),0.0) -> 0 | AW23: =AV23 + (AT23*(7-N23)/6)*AU23 -> 1.6666667 | AX23: =AR23+(AW23*1.5) -> 23.5 | AY23: =IFERROR(__xludf.DUMMYFUNCTION("if(regexmatch(G23,""Mage|War Machine""),true,false)"),FALSE) -> FALSE
A24: 06_2B_1 | B24: Juggernaut | C24: =concatenate(E24," ",B24) -> Coppersand Juggernaut | D24: TRUE | E24: Coppersand | F24: Colossus | G24: Monster | H24: 5 | I24: 2 | L24: 1 | M24: 2 | N24: 3 | O24: - | P24: 5 | Q24: 5 | R24: 4 | S24: <b>Construct</b> - Immune to fear checks while adjacent to a mechanic. Dies if it flees. <b>Trample</b> - Action: Move forward 1. If there is a model in that space, it attempts to move backwards 1 unless it is blocked. Roll an attack against each model in the unit, hitting on 6+ or 4+ if the unit was blocked. These do not count for combat resolution. Can be used to move out of combat. | T24: 6 | Y24: 2 | Z24: 2 | AA24: 2 | AB24: 2 | AE24: #2b9800 | AF24: #2b9800 | AG24: #000000 | AH24: #2b9800 | AI24: #2b9800 | AJ24: #2b9800 | AK24: {=INDEX(Factions!C:C, MATCH(E24, Factions!B:B, 0))} -> #ffb317 | AL24: {=INDEX(Factions!D:D, MATCH(E24, Factions!B:B, 0))} -> #cf6c23 | AM24: {=INDEX(Factions!E:E, MATCH(E24, Factions!B:B, 0))} -> #000000 | AN24: {=INDEX(Factions!F:F, MATCH(E24, Factions!B:B, 0))} -> #ffffff | AO24: {=concat(INDEX(Factions!G:G, MATCH(E24, Factions!B:B, 0)),".png")} -> gremlins.png | AP24: =IFERROR(__xludf.DUMMYFUNCTION("MIN(FILTER(M24:M1098, F24:F1098=F24))"),2.0) -> 2 | AQ24: =Q24*L24 -> 5 | AR24: =IFERROR(__xludf.DUMMYFUNCTION("IF(and(REGEXMATCH(S24,""Vengence""),not(REGEXMATCH(S24, ""Protective Markings""))),AQ24,AQ24 * 6 / iferror(R24-1,6))"),10.0) -> 10 | AS24: =0 + if(P24="2d6",7,if(P24="d6",3.5,if(P24="d3",1.5,if(P24="2x2",4,if(P24="2x3",6,P24))))) -> 5 | AT24: =AS24*L24 -> 5 | AU24: =IFERROR(__xludf.DUMMYFUNCTION("IF(REGEXMATCH(S24,""<b>Poison</b>""),1+((1/(7-N24))/3),1)"),1.0) -> 1 | AV24: =IFERROR(__xludf.DUMMYFUNCTION("IF(REGEXMATCH(S24,""Vengence""),(7 - R24) / 3,0)"),0.0) -> 0 | AW24: =AV24 + (AT24*(7-N24)/6)*AU24 -> 3.3333333 | AX24: =AR24+(AW24*1.5) -> 15 | AY24: =IFERROR(__xludf.DUMMYFUNCTION("if(regexmatch(G24,""Mage|War Machine""),true,false)"),FALSE) -> FALSE
A25: 06_2C_2 | B25: Hookshot | C25: =concatenate(E25," ",B25) -> Coppersand Hookshot | D25: TRUE | E25: Coppersand | F25: Artillery | G25: War Machine | H25: 6 | I25: 2 | L25: 1 | M25: 1 | N25: 5 | O25: 4 | P25: 2 | Q25: 3 | R25: 4 | S25: <b>Construct</b> - Immune to fear checks while adjacent to a mechanic. Dies if it flees. <b>War Machine</b> - Dies if it flees. <b>Hookshot</b> - Ranged Weapon. Range 5. Fires 4 shots. If any shots hit (they can be blocked), move the target unit one square towards this unit. | T25: 2 | AE25: #000000 | AF25: #000000 | AG25: #2b9800 | AH25: #000000 | AI25: #000000 | AJ25: #2b9800 | AK25: {=INDEX(Factions!C:C, MATCH(E25, Factions!B:B, 0))} -> #ffb317 | AL25: {=INDEX(Factions!D:D, MATCH(E25, Factions!B:B, 0))} -> #cf6c23 | AM25: {=INDEX(Factions!E:E, MATCH(E25, Factions!B:B, 0))} -> #000000 | AN25: {=INDEX(Factions!F:F, MATCH(E25, Factions!B:B, 0))} -> #ffffff | AO25: {=concat(INDEX(Factions!G:G, MATCH(E25, Factions!B:B, 0)),".png")} -> gremlins.png | AP25: =IFERROR(__xludf.DUMMYFUNCTION("MIN(FILTER(M25:M1098, F25:F1098=F25))"),1.0) -> 1 | AQ25: =Q25*L25 -> 3 | AR25: =IFERROR(__xludf.DUMMYFUNCTION("IF(and(REGEXMATCH(S25,""Vengence""),not(REGEXMATCH(S25, ""Protective Markings""))),AQ25,AQ25 * 6 / iferror(R25-1,6))"),6.0) -> 6 | AS25: =0 + if(P25="2d6",7,if(P25="d6",3.5,if(P25="d3",1.5,if(P25="2x2",4,if(P25="2x3",6,P25))))) -> 2 | AT25: =AS25*L25 -> 2 | AU25: =IFERROR(__xludf.DUMMYFUNCTION("IF(REGEXMATCH(S25,""<b>Poison</b>""),1+((1/(7-N25))/3),1)"),1.0) -> 1 | AV25: =IFERROR(__xludf.DUMMYFUNCTION("IF(REGEXMATCH(S25,""Vengence""),(7 - R25) / 3,0)"),0.0) -> 0 | AW25: =AV25 + (AT25*(7-N25)/6)*AU25 -> 0.66666667 | AX25: =AR25+(AW25*1.5) -> 7 | AY25: =IFERROR(__xludf.DUMMYFUNCTION("if(regexmatch(G25,""Mage|War Machine""),true,false)"),TRUE) -> TRUE
A26: 06_2B_2 | B26: Overseer | C26: =concatenate(E26," ",B26) -> Coppersand Overseer | D26: TRUE | E26: Coppersand | F26: Colossus | G26: Monster | H26: 5 | I26: 2 | L26: 1 | M26: 2 | N26: 4 | O26: 4 | P26: 4 | Q26: 5 | R26: 5 | S26: <b>Construct</b> - Immune to fear checks while adjacent to a mechanic. Dies if it flees. <b>Multishot 3</b> - Ranged attacks roll 3 dice. <b>Overwatch</b> - During your opponent's turn, fire a round of shooting at the first enemy unit to become a new valid shooting target. Has no effect on units that were already valid shooting targets. This can take effect because of units fleeing combat or getting wiped out. <b>Prepared Ranged Weapon</b> - Equip this unit with one free common or uncommon ranged weapon. | T26: 3.25 | AC26: 1 | AD26: 2 | AE26: #2b9800 | AF26: #000000 | AG26: #2b9800 | AH26: #000000 | AI26: #2b9800 | AJ26: #000000 | AK26: {=INDEX(Factions!C:C, MATCH(E26, Factions!B:B, 0))} -> #ffb317 | AL26: {=INDEX(Factions!D:D, MATCH(E26, Factions!B:B, 0))} -> #cf6c23 | AM26: {=INDEX(Factions!E:E, MATCH(E26, Factions!B:B, 0))} -> #000000 | AN26: {=INDEX(Factions!F:F, MATCH(E26, Factions!B:B, 0))} -> #ffffff | AO26: {=concat(INDEX(Factions!G:G, MATCH(E26, Factions!B:B, 0)),".png")} -> gremlins.png | AP26: =IFERROR(__xludf.DUMMYFUNCTION("MIN(FILTER(M26:M1098, F26:F1098=F26))"),2.0) -> 2 | AQ26: =Q26*L26 -> 5 | AR26: =IFERROR(__xludf.DUMMYFUNCTION("IF(and(REGEXMATCH(S26,""Vengence""),not(REGEXMATCH(S26, ""Protective Markings""))),AQ26,AQ26 * 6 / iferror(R26-1,6))"),7.5) -> 7.5 | AS26: =0 + if(P26="2d6",7,if(P26="d6",3.5,if(P26="d3",1.5,if(P26="2x2",4,if(P26="2x3",6,P26))))) -> 4 | AT26: =AS26*L26 -> 4 | AU26: =IFERROR(__xludf.DUMMYFUNCTION("IF(REGEXMATCH(S26,""<b>Poison</b>""),1+((1/(7-N26))/3),1)"),1.0) -> 1 | AV26: =IFERROR(__xludf.DUMMYFUNCTION("IF(REGEXMATCH(S26,""Vengence""),(7 - R26) / 3,0)"),0.0) -> 0 | AW26: =AV26 + (AT26*(7-N26)/6)*AU26 -> 2 | AX26: =AR26+(AW26*1.5) -> 10.5 | AY26: =IFERROR(__xludf.DUMMYFUNCTION("if(regexmatch(G26,""Mage|War Machine""),true,false)"),FALSE) -> FALSE
A27: 06_2A_1 | B27: Clay Golems | C27: =concatenate(E27," ",B27) -> Coppersand Clay Golems | D27: TRUE | E27: Coppersand | F27: Golems | G27: Heavy Infantry | H27: 5 | I27: 2 | L27: 3 | M27: 1 | N27: 4 | O27: - | P27: 2 | Q27: 3 | R27: 5 | S27: <b>Construct</b> - Immune to fear checks while adjacent to a mechanic. Dies if it flees. <b>Regenerative Clay</b> - At the end of each player's turn, each model heals to full. This does not ressurect dead models. <b>Multiwound 2</b> - Each hit does 2 wounds to a single model. | T27: 7.25 | AA27: 3 | AC27: 2 | AE27: #000000 | AF27: #000000 | AG27: #000000 | AH27: #000000 | AI27: #2b9800 | AJ27: #000000 | AK27: {=INDEX(Factions!C:C, MATCH(E27, Factions!B:B, 0))} -> #ffb317 | AL27: {=INDEX(Factions!D:D, MATCH(E27, Factions!B:B, 0))} -> #cf6c23 | AM27: {=INDEX(Factions!E:E, MATCH(E27, Factions!B:B, 0))} -> #000000 | AN27: {=INDEX(Factions!F:F, MATCH(E27, Factions!B:B, 0))} -> #ffffff | AO27: {=concat(INDEX(Factions!G:G, MATCH(E27, Factions!B:B, 0)),".png")} -> gremlins.png | AP27: =IFERROR(__xludf.DUMMYFUNCTION("MIN(FILTER(M27:M1098, F27:F1098=F27))"),1.0) -> 1 | AQ27: =Q27*L27 -> 9 | AR27: =IFERROR(__xludf.DUMMYFUNCTION("IF(and(REGEXMATCH(S27,""Vengence""),not(REGEXMATCH(S27, ""Protective Markings""))),AQ27,AQ27 * 6 / iferror(R27-1,6))"),13.5) -> 13.5 | AS27: =0 + if(P27="2d6",7,if(P27="d6",3.5,if(P27="d3",1.5,if(P27="2x2",4,if(P27="2x3",6,P27))))) -> 2 | AT27: =AS27*L27 -> 6 | AU27: =IFERROR(__xludf.DUMMYFUNCTION("IF(REGEXMATCH(S27,""<b>Poison</b>""),1+((1/(7-N27))/3),1)"),1.0) -> 1 | AV27: =IFERROR(__xludf.DUMMYFUNCTION("IF(REGEXMATCH(S27,""Vengence""),(7 - R27) / 3,0)"),0.0) -> 0 | AW27: =AV27 + (AT27*(7-N27)/6)*AU27 -> 3 | AX27: =AR27+(AW27*1.5) -> 18 | AY27: =IFERROR(__xludf.DUMMYFUNCTION("if(regexmatch(G27,""Mage|War Machine""),true,false)"),FALSE) -> FALSE
A28: 06_2A_2 | B28: Minetomatons | C28: =concatenate(E28," ",B28) -> Coppersand Minetomatons | D28: TRUE | E28: Coppersand | F28: Golems | G28: Unique | H28: 5 | I28: 2 | L28: 3 | M28: 1 | N28: 4 | O28: - | P28: 2 | Q28: 2 | R28: 5 | S28: <b>Construct</b> - Immune to fear checks while adjacent to a mechanic. Dies if it flees. <b>Ambush</b> - Action: Remove this unit from the board. On your next turn, place it on an empty space along any board edge (facing away from the board edge) as its action for the turn <b>AP 1</b> - Reduce block rolls by 1. | T28: 5 | Z28: 3 | AA28: 3 | AE28: #000000 | AF28: #000000 | AG28: #000000 | AH28: #000000 | AI28: #000000 | AJ28: #000000 | AK28: {=INDEX(Factions!C:C, MATCH(E28, Factions!B:B, 0))} -> #ffb317 | AL28: {=INDEX(Factions!D:D, MATCH(E28, Factions!B:B, 0))} -> #cf6c23 | AM28: {=INDEX(Factions!E:E, MATCH(E28, Factions!B:B, 0))} -> #000000 | AN28: {=INDEX(Factions!F:F, MATCH(E28, Factions!B:B, 0))} -> #ffffff | AO28: {=concat(INDEX(Factions!G:G, MATCH(E28, Factions!B:B, 0)),".png")} -> gremlins.png | AP28: =IFERROR(__xludf.DUMMYFUNCTION("MIN(FILTER(M28:M1098, F28:F1098=F28))"),1.0) -> 1 | AQ28: =Q28*L28 -> 6 | AR28: =IFERROR(__xludf.DUMMYFUNCTION("IF(and(REGEXMATCH(S28,""Vengence""),not(REGEXMATCH(S28, ""Protective Markings""))),AQ28,AQ28 * 6 / iferror(R28-1,6))"),9.0) -> 9 | AS28: =0 + if(P28="2d6",7,if(P28="d6",3.5,if(P28="d3",1.5,if(P28="2x2",4,if(P28="2x3",6,P28))))) -> 2 | AT28: =AS28*L28 -> 6 | AU28: =IFERROR(__xludf.DUMMYFUNCTION("IF(REGEXMATCH(S28,""<b>Poison</b>""),1+((1/(7-N28))/3),1)"),1.0) -> 1 | AV28: =IFERROR(__xludf.DUMMYFUNCTION("IF(REGEXMATCH(S28,""Vengence""),(7 - R28) / 3,0)"),0.0) -> 0 | AW28: =AV28 + (AT28*(7-N28)/6)*AU28 -> 3 | AX28: =AR28+(AW28*1.5) -> 13.5 | AY28: =IFERROR(__xludf.DUMMYFUNCTION("if(regexmatch(G28,""Mage|War Machine""),true,false)"),FALSE) -> FALSE
A29: 06_2A_3 | B29: Bladestorms | C29: =concatenate(E29," ",B29) -> Coppersand Bladestorms | D29: TRUE | E29: Coppersand | F29: Golems | G29: Attack Infantry | H29: 5 | I29: 2 | L29: 3 | M29: 1 | N29: 5 | O29: - | P29: 2x2 | Q29: 2 | R29: 5 | S29: <b>Construct</b> - Immune to fear checks while adjacent to a mechanic. Dies if it flees. <b>Four Arms</b> - Wields two sets of weapons. This unit performs a round of attacks with one set of weapons, then a second round of attacks with a second set of weapons. <b>Prepared Weapons</b> - Equip this unit with one free uncommon weapon, or two free common weapons. | T29: 5.5 | U29: <b>AP 1</b> | Y29: 2 | Z29: 2 | AA29: 2 | AB29: 2 | AE29: #000000 | AF29: #cc0000 | AG29: #000000 | AH29: #3467FF | AI29: #000000 | AJ29: #000000 | AK29: {=INDEX(Factions!C:C, MATCH(E29, Factions!B:B, 0))} -> #ffb317 | AL29: {=INDEX(Factions!D:D, MATCH(E29, Factions!B:B, 0))} -> #cf6c23 | AM29: {=INDEX(Factions!E:E, MATCH(E29, Factions!B:B, 0))} -> #000000 | AN29: {=INDEX(Factions!F:F, MATCH(E29, Factions!B:B, 0))} -> #ffffff | AO29: {=concat(INDEX(Factions!G:G, MATCH(E29, Factions!B:B, 0)),".png")} -> gremlins.png | AP29: =IFERROR(__xludf.DUMMYFUNCTION("MIN(FILTER(M29:M1098, F29:F1098=F29))"),1.0) -> 1 | AQ29: =Q29*L29 -> 6 | AR29: =IFERROR(__xludf.DUMMYFUNCTION("IF(and(REGEXMATCH(S29,""Vengence""),not(REGEXMATCH(S29, ""Protective Markings""))),AQ29,AQ29 * 6 / iferror(R29-1,6))"),9.0) -> 9 | AS29: =0 + if(P29="2d6",7,if(P29="d6",3.5,if(P29="d3",1.5,if(P29="2x2",4,if(P29="2x3",6,P29))))) -> 4 | AT29: =AS29*L29 -> 12 | AU29: =IFERROR(__xludf.DUMMYFUNCTION("IF(REGEXMATCH(S29,""<b>Poison</b>""),1+((1/(7-N29))/3),1)"),1.0) -> 1 | AV29: =IFERROR(__xludf.DUMMYFUNCTION("IF(REGEXMATCH(S29,""Vengence""),(7 - R29) / 3,0)"),0.0) -> 0 | AW29: =AV29 + (AT29*(7-N29)/6)*AU29 -> 4 | AX29: =AR29+(AW29*1.5) -> 15 | AY29: =IFERROR(__xludf.DUMMYFUNCTION("if(regexmatch(G29,""Mage|War Machine""),true,false)"),FALSE) -> FALSE
A30: 06_2C_3 | B30: Surpressor | C30: =concatenate(E30," ",B30) -> Coppersand Surpressor | D30: TRUE | E30: Coppersand | F30: Artillery | G30: War Machine | H30: 6 | I30: 2 | L30: 1 | M30: 1 | N30: 6 | O30: - | P30: 2 | Q30: 4 | R30: 6 | S30: <b>Construct</b> - Immune to fear checks while adjacent to a mechanic. Dies if it flees. <b>War Machine</b> - Dies if it flees. <b>Surpression Cannon</b> - Target a square in shooting range 5. Each unit in that firing line at the start of your next turn takes 5 ranged attacks hitting on 3+ with AP3. May not target a firing line that includes a friendly unit, but will hit them if they move in before your turn ends. | T30: 1 | AE30: #000000 | AF30: #000000 | AG30: #000000 | AH30: #000000 | AI30: #000000 | AJ30: #000000 | AK30: {=INDEX(Factions!C:C, MATCH(E30, Factions!B:B, 0))} -> #ffb317 | AL30: {=INDEX(Factions!D:D, MATCH(E30, Factions!B:B, 0))} -> #cf6c23 | AM30: {=INDEX(Factions!E:E, MATCH(E30, Factions!B:B, 0))} -> #000000 | AN30: {=INDEX(Factions!F:F, MATCH(E30, Factions!B:B, 0))} -> #ffffff | AO30: {=concat(INDEX(Factions!G:G, MATCH(E30, Factions!B:B, 0)),".png")} -> gremlins.png | AP30: =IFERROR(__xludf.DUMMYFUNCTION("MIN(FILTER(M30:M1098, F30:F1098=F30))"),1.0) -> 1 | AQ30: =Q30*L30 -> 4 | AR30: =IFERROR(__xludf.DUMMYFUNCTION("IF(and(REGEXMATCH(S30,""Vengence""),not(REGEXMATCH(S30, ""Protective Markings""))),AQ30,AQ30 * 6 / iferror(R30-1,6))"),4.8) -> 4.8 | AS30: =0 + if(P30="2d6",7,if(P30="d6",3.5,if(P30="d3",1.5,if(P30="2x2",4,if(P30="2x3",6,P30))))) -> 2 | AT30: =AS30*L30 -> 2 | AU30: =IFERROR(__xludf.DUMMYFUNCTION("IF(REGEXMATCH(S30,""<b>Poison</b>""),1+((1/(7-N30))/3),1)"),1.0) -> 1 | AV30: =IFERROR(__xludf.DUMMYFUNCTION("IF(REGEXMATCH(S30,""Vengence""),(7 - R30) / 3,0)"),0.0) -> 0 | AW30: =AV30 + (AT30*(7-N30)/6)*AU30 -> 0.33333333 | AX30: =AR30+(AW30*1.5) -> 5.3 | AY30: =IFERROR(__xludf.DUMMYFUNCTION("if(regexmatch(G30,""Mage|War Machine""),true,false)"),TRUE) -> TRUE
A31: 06_2C_1 | B31: Grand Bombard | C31: =concatenate(E31," ",B31) -> Coppersand Grand Bombard | D31: TRUE | E31: Coppersand | F31: Artillery | G31: War Machine | H31: 6 | I31: 2 | L31: 1 | M31: 1 | N31: 6 | O31: - | P31: 2 | Q31: 3 | R31: 6 | S31: <b>Construct</b> - Immune to fear checks while adjacent to a mechanic. Dies if it flees. <b>War Machine</b> - Dies if it flees. <b>Primed</b> - Place 2 powder tokens on this when it is revealed. <b>Reloading</b> - Place a powder tokens on this unit at the end of your turn. <b>Bombard</b> - Action: Uses all powder tokens as X. Pick a target square within 2 + X, roll a die and add X. 7+ - Direct hit. 5-6 - Off by one towards your board edge. 4 or less - Miss. Keep all powder tokens. Any unit in the hit square takes 3X attacks hitting on 3+ with AP X. Lose all powder tokens. | T31: 1 | AE31: #000000 | AF31: #000000 | AG31: #000000 | AH31: #000000 | AI31: #000000 | AJ31: #000000 | AK31: {=INDEX(Factions!C:C, MATCH(E31, Factions!B:B, 0))} -> #ffb317 | AL31: {=INDEX(Factions!D:D, MATCH(E31, Factions!B:B, 0))} -> #cf6c23 | AM31: {=INDEX(Factions!E:E, MATCH(E31, Factions!B:B, 0))} -> #000000 | AN31: {=INDEX(Factions!F:F, MATCH(E31, Factions!B:B, 0))} -> #ffffff | AO31: {=concat(INDEX(Factions!G:G, MATCH(E31, Factions!B:B, 0)),".png")} -> gremlins.png | AP31: =IFERROR(__xludf.DUMMYFUNCTION("MIN(FILTER(M31:M1098, F31:F1098=F31))"),1.0) -> 1 | AQ31: =Q31*L31 -> 3 | AR31: =IFERROR(__xludf.DUMMYFUNCTION("IF(and(REGEXMATCH(S31,""Vengence""),not(REGEXMATCH(S31, ""Protective Markings""))),AQ31,AQ31 * 6 / iferror(R31-1,6))"),3.6) -> 3.6 | AS31: =0 + if(P31="2d6",7,if(P31="d6",3.5,if(P31="d3",1.5,if(P31="2x2",4,if(P31="2x3",6,P31))))) -> 2 | AT31: =AS31*L31 -> 2 | AU31: =IFERROR(__xludf.DUMMYFUNCTION("IF(REGEXMATCH(S31,""<b>Poison</b>""),1+((1/(7-N31))/3),1)"),1.0) -> 1 | AV31: =IFERROR(__xludf.DUMMYFUNCTION("IF(REGEXMATCH(S31,""Vengence""),(7 - R31) / 3,0)"),0.0) -> 0 | AW31: =AV31 + (AT31*(7-N31)/6)*AU31 -> 0.33333333 | AX31: =AR31+(AW31*1.5) -> 4.1 | AY31: =IFERROR(__xludf.DUMMYFUNCTION("if(regexmatch(G31,""Mage|War Machine""),true,false)"),TRUE) -> TRUE
A32: 08_1_2 | B32: Ratbeasts | C32: =concatenate(E32," ",B32) -> Disciples Ratbeasts | D32: TRUE | E32: Disciples | F32: Mongrels | G32: Chaff | H32: 5 | I32: 1 | J32: 1 | L32: 3 | M32: 1 | N32: 6 | O32: - | P32: 3 | Q32: 2 | R32: - | S32: <b>Chaff</b> - Subtract 1 from leadership rolls. 6s still auto-succeed. <b>Unprotected</b> - Reveal this unit when an attack hits it, rather than using the default block. | T32: 3 | Y32: 1 | AC32: 1 | AE32: #000000 | AF32: #cc0000 | AG32: #000000 | AH32: #2b9800 | AI32: #000000 | AJ32: #cc0000 | AK32: {=INDEX(Factions!C:C, MATCH(E32, Factions!B:B, 0))} -> #5c9667 | AL32: {=INDEX(Factions!D:D, MATCH(E32, Factions!B:B, 0))} -> #005050 | AM32: {=INDEX(Factions!E:E, MATCH(E32, Factions!B:B, 0))} -> #000000 | AN32: {=INDEX(Factions!F:F, MATCH(E32, Factions!B:B, 0))} -> #ffffff | AO32: {=concat(INDEX(Factions!G:G, MATCH(E32, Factions!B:B, 0)),".png")} -> disciples.png | AP32: =IFERROR(__xludf.DUMMYFUNCTION("MIN(FILTER(M32:M1098, F32:F1098=F32))"),1.0) -> 1 | AQ32: =Q32*L32 -> 6 | AR32: =IFERROR(__xludf.DUMMYFUNCTION("IF(and(REGEXMATCH(S32,""Vengence""),not(REGEXMATCH(S32, ""Protective Markings""))),AQ32,AQ32 * 6 / iferror(R32-1,6))"),6.0) -> 6 | AS32: =0 + if(P32="2d6",7,if(P32="d6",3.5,if(P32="d3",1.5,if(P32="2x2",4,if(P32="2x3",6,P32))))) -> 3 | AT32: =AS32*L32 -> 9 | AU32: =IFERROR(__xludf.DUMMYFUNCTION("IF(REGEXMATCH(S32,""<b>Poison</b>""),1+((1/(7-N32))/3),1)"),1.0) -> 1 | AV32: =IFERROR(__xludf.DUMMYFUNCTION("IF(REGEXMATCH(S32,""Vengence""),(7 - R32) / 3,0)"),0.0) -> 0 | AW32: =AV32 + (AT32*(7-N32)/6)*AU32 -> 1.5 | AX32: =AR32+(AW32*1.5) -> 8.25 | AY32: =IFERROR(__xludf.DUMMYFUNCTION("if(regexmatch(G32,""Mage|War Machine""),true,false)"),FALSE) -> FALSE
A33: 08_1_3 | B33: Scalebeasts | C33: =concatenate(E33," ",B33) -> Disciples Scalebeasts | D33: TRUE | E33: Disciples | F33: Mongrels | G33: Heavy Infantry | H33: 5 | I33: 1 | J33: 2 | L33: 3 | M33: 1 | N33: 5 | O33: - | P33: 2 | Q33: 2 | R33: 4 | S33: <b>Shieldwall</b> - Improve block by 1 against ranged attacks | T33: 4 | Y33: 1 | Z33: 1 | AA33: 1 | AB33: 1 | AC33: 1 | AE33: #000000 | AF33: #cc0000 | AG33: #000000 | AH33: #2b9800 | AI33: #000000 | AJ33: #2b9800 | AK33: {=INDEX(Factions!C:C, MATCH(E33, Factions!B:B, 0))} -> #5c9667 | AL33: {=INDEX(Factions!D:D, MATCH(E33, Factions!B:B, 0))} -> #005050 | AM33: {=INDEX(Factions!E:E, MATCH(E33, Factions!B:B, 0))} -> #000000 | AN33: {=INDEX(Factions!F:F, MATCH(E33, Factions!B:B, 0))} -> #ffffff | AO33: {=concat(INDEX(Factions!G:G, MATCH(E33, Factions!B:B, 0)),".png")} -> disciples.png | AP33: =IFERROR(__xludf.DUMMYFUNCTION("MIN(FILTER(M33:M1098, F33:F1098=F33))"),1.0) -> 1 | AQ33: =Q33*L33 -> 6 | AR33: =IFERROR(__xludf.DUMMYFUNCTION("IF(and(REGEXMATCH(S33,""Vengence""),not(REGEXMATCH(S33, ""Protective Markings""))),AQ33,AQ33 * 6 / iferror(R33-1,6))"),12.0) -> 12 | AS33: =0 + if(P33="2d6",7,if(P33="d6",3.5,if(P33="d3",1.5,if(P33="2x2",4,if(P33="2x3",6,P33))))) -> 2 | AT33: =AS33*L33 -> 6 | AU33: =IFERROR(__xludf.DUMMYFUNCTION("IF(REGEXMATCH(S33,""<b>Poison</b>""),1+((1/(7-N33))/3),1)"),1.0) -> 1 | AV33: =IFERROR(__xludf.DUMMYFUNCTION("IF(REGEXMATCH(S33,""Vengence""),(7 - R33) / 3,0)"),0.0) -> 0 | AW33: =AV33 + (AT33*(7-N33)/6)*AU33 -> 2 | AX33: =AR33+(AW33*1.5) -> 15 | AY33: =IFERROR(__xludf.DUMMYFUNCTION("if(regexmatch(G33,""Mage|War Machine""),true,false)"),FALSE) -> FALSE
A34: 08_1_1 | B34: Warriors | C34: =concatenate(E34," ",B34) -> Disciples Warriors | D34: TRUE | E34: Disciples | F34: Mongrels | G34: Warriors | H34: 5 | I34: 1 | J34: 2 | L34: 3 | M34: 1 | N34: 4 | O34: 6 | P34: 2 | Q34: 2 | R34: 5 | S34: <b>Multishot 2</b> - Ranged attacks roll 2 dice. | T34: 4 | Y34: 1 | Z34: 1 | AA34: 1 | AB34: 1 | AC34: 1 | AD34: 1 | AE34: #000000 | AF34: #000000 | AG34: #000000 | AH34: #2b9800 | AI34: #000000 | AJ34: #000000 | AK34: {=INDEX(Factions!C:C, MATCH(E34, Factions!B:B, 0))} -> #5c9667 | AL34: {=INDEX(Factions!D:D, MATCH(E34, Factions!B:B, 0))} -> #005050 | AM34: {=INDEX(Factions!E:E, MATCH(E34, Factions!B:B, 0))} -> #000000 | AN34: {=INDEX(Factions!F:F, MATCH(E34, Factions!B:B, 0))} -> #ffffff | AO34: {=concat(INDEX(Factions!G:G, MATCH(E34, Factions!B:B, 0)),".png")} -> disciples.png | AP34: =IFERROR(__xludf.DUMMYFUNCTION("MIN(FILTER(M34:M1098, F34:F1098=F34))"),1.0) -> 1 | AQ34: =Q34*L34 -> 6 | AR34: =IFERROR(__xludf.DUMMYFUNCTION("IF(and(REGEXMATCH(S34,""Vengence""),not(REGEXMATCH(S34, ""Protective Markings""))),AQ34,AQ34 * 6 / iferror(R34-1,6))"),9.0) -> 9 | AS34: =0 + if(P34="2d6",7,if(P34="d6",3.5,if(P34="d3",1.5,if(P34="2x2",4,if(P34="2x3",6,P34))))) -> 2 | AT34: =AS34*L34 -> 6 | AU34: =IFERROR(__xludf.DUMMYFUNCTION("IF(REGEXMATCH(S34,""<b>Poison</b>""),1+((1/(7-N34))/3),1)"),1.0) -> 1 | AV34: =IFERROR(__xludf.DUMMYFUNCTION("IF(REGEXMATCH(S34,""Vengence""),(7 - R34) / 3,0)"),0.0) -> 0 | AW34: =AV34 + (AT34*(7-N34)/6)*AU34 -> 3 | AX34: =AR34+(AW34*1.5) -> 13.5 | AY34: =IFERROR(__xludf.DUMMYFUNCTION("if(regexmatch(G34,""Mage|War Machine""),true,false)"),FALSE) -> FALSE
A35: 08_1_6 | B35: Quillbeasts | C35: =concatenate(E35," ",B35) -> Disciples Quillbeasts | D35: TRUE | E35: Disciples | F35: Mongrels | G35: Infantry | H35: 5 | I35: 1 | J35: 2 | L35: 3 | M35: 1 | N35: 4 | O35: - | P35: 2 | Q35: 2 | R35: 5 | S35: <b>Vengence</b> - When this unit blocks in combat, it still takes 1 wound. The unit that attacked takes 1 wound as well. | T35: 4 | Y35: 1 | Z35: 1 | AA35: 1 | AB35: 1 | AC35: 1 | AD35: 1 | AE35: #000000 | AF35: #000000 | AG35: #000000 | AH35: #2b9800 | AI35: #000000 | AJ35: #000000 | AK35: {=INDEX(Factions!C:C, MATCH(E35, Factions!B:B, 0))} -> #5c9667 | AL35: {=INDEX(Factions!D:D, MATCH(E35, Factions!B:B, 0))} -> #005050 | AM35: {=INDEX(Factions!E:E, MATCH(E35, Factions!B:B, 0))} -> #000000 | AN35: {=INDEX(Factions!F:F, MATCH(E35, Factions!B:B, 0))} -> #ffffff | AO35: {=concat(INDEX(Factions!G:G, MATCH(E35, Factions!B:B, 0)),".png")} -> disciples.png | AP35: =IFERROR(__xludf.DUMMYFUNCTION("MIN(FILTER(M35:M1098, F35:F1098=F35))"),1.0) -> 1 | AQ35: =Q35*L35 -> 6 | AR35: =IFERROR(__xludf.DUMMYFUNCTION("IF(and(REGEXMATCH(S35,""Vengence""),not(REGEXMATCH(S35, ""Protective Markings""))),AQ35,AQ35 * 6 / iferror(R35-1,6))"),6.0) -> 6 | AS35: =0 + if(P35="2d6",7,if(P35="d6",3.5,if(P35="d3",1.5,if(P35="2x2",4,if(P35="2x3",6,P35))))) -> 2 | AT35: =AS35*L35 -> 6 | AU35: =IFERROR(__xludf.DUMMYFUNCTION("IF(REGEXMATCH(S35,""<b>Poison</b>""),1+((1/(7-N35))/3),1)"),1.0) -> 1 | AV35: =IFERROR(__xludf.DUMMYFUNCTION("IF(REGEXMATCH(S35,""Vengence""),(7 - R35) / 3,0)"),0.6666666666666666) -> 0.66666667 | AW35: =AV35 + (AT35*(7-N35)/6)*AU35 -> 3.6666667 | AX35: =AR35+(AW35*1.5) -> 11.5 | AY35: =IFERROR(__xludf.DUMMYFUNCTION("if(regexmatch(G35,""Mage|War Machine""),true,false)"),FALSE) -> FALSE
A36: 08_1_4 | B36: Skybeasts | C36: =concatenate(E36," ",B36) -> Disciples Skybeasts | D36: TRUE | E36: Disciples | F36: Mongrels | G36: Warriors | H36: 5 | I36: 1 | J36: 3 | L36: 3 | M36: 2 | N36: 4 | O36: 6 | P36: 2 | Q36: 2 | R36: 5 | S36: <b>Flap</b> - This unit may move as normal while in combat. Hustling while in combat automatically succeeds. <b>Flying</b> - This unit can move over other units and obstacles. <b>Manoeuvrable</b> - May turn once at any point during a walk or hustle. <b>Multishot 2</b> - Ranged attacks roll 2 dice. | T36: 4 | Z36: 1 | AA36: 1 | AB36: 1 | AD36: 1 | AE36: #2b9800 | AF36: #000000 | AG36: #000000 | AH36: #2b9800 | AI36: #000000 | AJ36: #000000 | AK36: {=INDEX(Factions!C:C, MATCH(E36, Factions!B:B, 0))} -> #5c9667 | AL36: {=INDEX(Factions!D:D, MATCH(E36, Factions!B:B, 0))} -> #005050 | AM36: {=INDEX(Factions!E:E, MATCH(E36, Factions!B:B, 0))} -> #000000 | AN36: {=INDEX(Factions!F:F, MATCH(E36, Factions!B:B, 0))} -> #ffffff | AO36: {=concat(INDEX(Factions!G:G, MATCH(E36, Factions!B:B, 0)),".png")} -> disciples.png | AP36: =IFERROR(__xludf.DUMMYFUNCTION("MIN(FILTER(M36:M1098, F36:F1098=F36))"),1.0) -> 1 | AQ36: =Q36*L36 -> 6 | AR36: =IFERROR(__xludf.DUMMYFUNCTION("IF(and(REGEXMATCH(S36,""Vengence""),not(REGEXMATCH(S36, ""Protective Markings""))),AQ36,AQ36 * 6 / iferror(R36-1,6))"),9.0) -> 9 | AS36: =0 + if(P36="2d6",7,if(P36="d6",3.5,if(P36="d3",1.5,if(P36="2x2",4,if(P36="2x3",6,P36))))) -> 2 | AT36: =AS36*L36 -> 6 | AU36: =IFERROR(__xludf.DUMMYFUNCTION("IF(REGEXMATCH(S36,""<b>Poison</b>""),1+((1/(7-N36))/3),1)"),1.0) -> 1 | AV36: =IFERROR(__xludf.DUMMYFUNCTION("IF(REGEXMATCH(S36,""Vengence""),(7 - R36) / 3,0)"),0.0) -> 0 | AW36: =AV36 + (AT36*(7-N36)/6)*AU36 -> 3 | AX36: =AR36+(AW36*1.5) -> 13.5 | AY36: =IFERROR(__xludf.DUMMYFUNCTION("if(regexmatch(G36,""Mage|War Machine""),true,false)"),FALSE) -> FALSE
A37: 08_1_5 | B37: Spiderbeasts | C37: =concatenate(E37," ",B37) -> Disciples Spiderbeasts | D37: TRUE | E37: Disciples | F37: Mongrels | G37: Infantry | H37: 5 | I37: 1 | J37: 3 | L37: 3 | M37: 1 | N37: 4 | O37: 5 | P37: 2 | Q37: 2 | R37: 5 | S37: <b>Poison</b> - 6s to hit can't be saved <b>Multishot 2</b> - Ranged attacks roll 2 dice. | T37: 5 | Y37: 1 | Z37: 1 | AA37: 1 | AB37: 1 | AC37: 1 | AD37: 1 | AE37: #000000 | AF37: #000000 | AG37: #000000 | AH37: #2b9800 | AI37: #000000 | AJ37: #000000 | AK37: {=INDEX(Factions!C:C, MATCH(E37, Factions!B:B, 0))} -> #5c9667 | AL37: {=INDEX(Factions!D:D, MATCH(E37, Factions!B:B, 0))} -> #005050 | AM37: {=INDEX(Factions!E:E, MATCH(E37, Factions!B:B, 0))} -> #000000 | AN37: {=INDEX(Factions!F:F, MATCH(E37, Factions!B:B, 0))} -> #ffffff | AO37: {=concat(INDEX(Factions!G:G, MATCH(E37, Factions!B:B, 0)),".png")} -> disciples.png | AP37: =IFERROR(__xludf.DUMMYFUNCTION("MIN(FILTER(M37:M1098, F37:F1098=F37))"),1.0) -> 1 | AQ37: =Q37*L37 -> 6 | AR37: =IFERROR(__xludf.DUMMYFUNCTION("IF(and(REGEXMATCH(S37,""Vengence""),not(REGEXMATCH(S37, ""Protective Markings""))),AQ37,AQ37 * 6 / iferror(R37-1,6))"),9.0) -> 9 | AS37: =0 + if(P37="2d6",7,if(P37="d6",3.5,if(P37="d3",1.5,if(P37="2x2",4,if(P37="2x3",6,P37))))) -> 2 | AT37: =AS37*L37 -> 6 | AU37: =IFERROR(__xludf.DUMMYFUNCTION("IF(REGEXMATCH(S37,""<b>Poison</b>""),1+((1/(7-N37))/3),1)"),1.1111111111111112) -> 1.1111111 | AV37: =IFERROR(__xludf.DUMMYFUNCTION("IF(REGEXMATCH(S37,""Vengence""),(7 - R37) / 3,0)"),0.0) -> 0 | AW37: =AV37 + (AT37*(7-N37)/6)*AU37 -> 3.3333333 | AX37: =AR37+(AW37*1.5) -> 14 | AY37: =IFERROR(__xludf.DUMMYFUNCTION("if(regexmatch(G37,""Mage|War Machine""),true,false)"),FALSE) -> FALSE
A38: 08_2C_3 | B38: Slimedrake | C38: =concatenate(E38," ",B38) -> Disciples Slimedrake | D38: TRUE | E38: Disciples | F38: Amalgam | G38: Monster | H38: 5 | I38: 2 | L38: 1 | M38: 1 | N38: 4 | O38: - | P38: 6 | Q38: 8 | R38: 4 | S38: <b>Fearful Presence</b> - Enemy units in range 2 subtract one from rolls to flee. Natural 6s still always pass. <b>Regeneration 2</b> - Heal 2 at the start of each of your turns. | T38: 7 | AE38: #000000 | AF38: #000000 | AG38: #000000 | AH38: #2b9800 | AI38: #3467FF | AJ38: #2b9800 | AK38: {=INDEX(Factions!C:C, MATCH(E38, Factions!B:B, 0))} -> #5c9667 | AL38: {=INDEX(Factions!D:D, MATCH(E38, Factions!B:B, 0))} -> #005050 | AM38: {=INDEX(Factions!E:E, MATCH(E38, Factions!B:B, 0))} -> #000000 | AN38: {=INDEX(Factions!F:F, MATCH(E38, Factions!B:B, 0))} -> #ffffff | AO38: {=concat(INDEX(Factions!G:G, MATCH(E38, Factions!B:B, 0)),".png")} -> disciples.png | AP38: =IFERROR(__xludf.DUMMYFUNCTION("MIN(FILTER(M38:M1098, F38:F1098=F38))"),1.0) -> 1 | AQ38: =Q38*L38 -> 8 | AR38: =IFERROR(__xludf.DUMMYFUNCTION("IF(and(REGEXMATCH(S38,""Vengence""),not(REGEXMATCH(S38, ""Protective Markings""))),AQ38,AQ38 * 6 / iferror(R38-1,6))"),16.0) -> 16 | AS38: =0 + if(P38="2d6",7,if(P38="d6",3.5,if(P38="d3",1.5,if(P38="2x2",4,if(P38="2x3",6,P38))))) -> 6 | AT38: =AS38*L38 -> 6 | AU38: =IFERROR(__xludf.DUMMYFUNCTION("IF(REGEXMATCH(S38,""<b>Poison</b>""),1+((1/(7-N38))/3),1)"),1.0) -> 1 | AV38: =IFERROR(__xludf.DUMMYFUNCTION("IF(REGEXMATCH(S38,""Vengence""),(7 - R38) / 3,0)"),0.0) -> 0 | AW38: =AV38 + (AT38*(7-N38)/6)*AU38 -> 3 | AX38: =AR38+(AW38*1.5) -> 20.5 | AY38: =IFERROR(__xludf.DUMMYFUNCTION("if(regexmatch(G38,""Mage|War Machine""),true,false)"),FALSE) -> FALSE
A39: 08_2A_2 | B39: Slavewyrm | C39: =concatenate(E39," ",B39) -> Disciples Slavewyrm | D39: TRUE | E39: Disciples | F39: Behemoth | G39: Flyer | H39: 5 | I39: 2 | L39: 1 | M39: 3 | N39: 4 | O39: - | P39: 4 | Q39: 6 | R39: 5 | S39: <b>Flying</b> - This unit can move over other units and obstacles <b>Manoeuvrable</b> - May turn once at any point during a walk or hustle <b>Natural Breath Weapon</b> - Bonus attack: Once per battle, before attacking as normal this unit may use a breath weapon. This unit rolls an attack for every model in the enemy unit, hitting on 5s. | T39: 4 | AE39: #3467FF | AF39: #000000 | AG39: #000000 | AH39: #000000 | AI39: #2b9800 | AJ39: #000000 | AK39: {=INDEX(Factions!C:C, MATCH(E39, Factions!B:B, 0))} -> #5c9667 | AL39: {=INDEX(Factions!D:D, MATCH(E39, Factions!B:B, 0))} -> #005050 | AM39: {=INDEX(Factions!E:E, MATCH(E39, Factions!B:B, 0))} -> #000000 | AN39: {=INDEX(Factions!F:F, MATCH(E39, Factions!B:B, 0))} -> #ffffff | AO39: {=concat(INDEX(Factions!G:G, MATCH(E39, Factions!B:B, 0)),".png")} -> disciples.png | AP39: =IFERROR(__xludf.DUMMYFUNCTION("MIN(FILTER(M39:M1098, F39:F1098=F39))"),1.0) -> 1 | AQ39: =Q39*L39 -> 6 | AR39: =IFERROR(__xludf.DUMMYFUNCTION("IF(and(REGEXMATCH(S39,""Vengence""),not(REGEXMATCH(S39, ""Protective Markings""))),AQ39,AQ39 * 6 / iferror(R39-1,6))"),9.0) -> 9 | AS39: =0 + if(P39="2d6",7,if(P39="d6",3.5,if(P39="d3",1.5,if(P39="2x2",4,if(P39="2x3",6,P39))))) -> 4 | AT39: =AS39*L39 -> 4 | AU39: =IFERROR(__xludf.DUMMYFUNCTION("IF(REGEXMATCH(S39,""<b>Poison</b>""),1+((1/(7-N39))/3),1)"),1.0) -> 1 | AV39: =IFERROR(__xludf.DUMMYFUNCTION("IF(REGEXMATCH(S39,""Vengence""),(7 - R39) / 3,0)"),0.0) -> 0 | AW39: =AV39 + (AT39*(7-N39)/6)*AU39 -> 2 | AX39: =AR39+(AW39*1.5) -> 12 | AY39: =IFERROR(__xludf.DUMMYFUNCTION("if(regexmatch(G39,""Mage|War Machine""),true,false)"),FALSE) -> FALSE
A40: 08_2C_1 | B40: Rotrantula | C40: =concatenate(E40," ",B40) -> Disciples Rotrantula | D40: TRUE | E40: Disciples | F40: Amalgam | G40: Monster | H40: 5 | I40: 2 | L40: 1 | M40: 2 | N40: 4 | O40: - | P40: 5 | Q40: 6 | R40: 5 | S40: <b>Poison</b> - 6s to hit can't be saved <b>Plague</b> - At the end of each player's turn, units adjacent to this unit suffer a wound on a 4+ with no armour saves allowed. Does not affect Boneborn units. <b>Virulent 3+</b> - Any unit wounded by this unit becomes Poisoned. At the end of each of the controlling players turns, Poisoned units take a wound on a 2+ with no armour saves allowed. | T40: 6 | AE40: #2b9800 | AF40: #000000 | AG40: #000000 | AH40: #2b9800 | AI40: #2b9800 | AJ40: #000000 | AK40: {=INDEX(Factions!C:C, MATCH(E40, Factions!B:B, 0))} -> #5c9667 | AL40: {=INDEX(Factions!D:D, MATCH(E40, Factions!B:B, 0))} -> #005050 | AM40: {=INDEX(Factions!E:E, MATCH(E40, Factions!B:B, 0))} -> #000000 | AN40: {=INDEX(Factions!F:F, MATCH(E40, Factions!B:B, 0))} -> #ffffff | AO40: {=concat(INDEX(Factions!G:G, MATCH(E40, Factions!B:B, 0)),".png")} -> disciples.png | AP40: =IFERROR(__xludf.DUMMYFUNCTION("MIN(FILTER(M40:M1098, F40:F1098=F40))"),2.0) -> 2 | AQ40: =Q40*L40 -> 6 | AR40: =IFERROR(__xludf.DUMMYFUNCTION("IF(and(REGEXMATCH(S40,""Vengence""),not(REGEXMATCH(S40, ""Protective Markings""))),AQ40,AQ40 * 6 / iferror(R40-1,6))"),9.0) -> 9 | AS40: =0 + if(P40="2d6",7,if(P40="d6",3.5,if(P40="d3",1.5,if(P40="2x2",4,if(P40="2x3",6,P40))))) -> 5 | AT40: =AS40*L40 -> 5 | AU40: =IFERROR(__xludf.DUMMYFUNCTION("IF(REGEXMATCH(S40,""<b>Poison</b>""),1+((1/(7-N40))/3),1)"),1.1111111111111112) -> 1.1111111 | AV40: =IFERROR(__xludf.DUMMYFUNCTION("IF(REGEXMATCH(S40,""Vengence""),(7 - R40) / 3,0)"),0.0) -> 0 | AW40: =AV40 + (AT40*(7-N40)/6)*AU40 -> 2.7777778 | AX40: =AR40+(AW40*1.5) -> 13.166667 | AY40: =IFERROR(__xludf.DUMMYFUNCTION("if(regexmatch(G40,""Mage|War Machine""),true,false)"),FALSE) -> FALSE
A41: 08_2A_1 | B41: Cyclops | C41: =concatenate(E41," ",B41) -> Disciples Cyclops | D41: TRUE | E41: Disciples | F41: Behemoth | G41: Monster | H41: 5 | I41: 2 | L41: 1 | M41: 1 | N41: 3 | O41: 3 | P41: 4 | Q41: 5 | R41: 5 | S41: <b>Rock Lobber</b> - Ranged Weapon - Range 4, AP -2, Multiwound 3. | T41: 4 | Z41: 2 | AA41: 2 | AE41: #000000 | AF41: #2b9800 | AG41: #3467FF | AH41: #000000 | AI41: #2b9800 | AJ41: #000000 | AK41: {=INDEX(Factions!C:C, MATCH(E41, Factions!B:B, 0))} -> #5c9667 | AL41: {=INDEX(Factions!D:D, MATCH(E41, Factions!B:B, 0))} -> #005050 | AM41: {=INDEX(Factions!E:E, MATCH(E41, Factions!B:B, 0))} -> #000000 | AN41: {=INDEX(Factions!F:F, MATCH(E41, Factions!B:B, 0))} -> #ffffff | AO41: {=concat(INDEX(Factions!G:G, MATCH(E41, Factions!B:B, 0)),".png")} -> disciples.png | AP41: =IFERROR(__xludf.DUMMYFUNCTION("MIN(FILTER(M41:M1098, F41:F1098=F41))"),1.0) -> 1 | AQ41: =Q41*L41 -> 5 | AR41: =IFERROR(__xludf.DUMMYFUNCTION("IF(and(REGEXMATCH(S41,""Vengence""),not(REGEXMATCH(S41, ""Protective Markings""))),AQ41,AQ41 * 6 / iferror(R41-1,6))"),7.5) -> 7.5 | AS41: =0 + if(P41="2d6",7,if(P41="d6",3.5,if(P41="d3",1.5,if(P41="2x2",4,if(P41="2x3",6,P41))))) -> 4 | AT41: =AS41*L41 -> 4 | AU41: =IFERROR(__xludf.DUMMYFUNCTION("IF(REGEXMATCH(S41,""<b>Poison</b>""),1+((1/(7-N41))/3),1)"),1.0) -> 1 | AV41: =IFERROR(__xludf.DUMMYFUNCTION("IF(REGEXMATCH(S41,""Vengence""),(7 - R41) / 3,0)"),0.0) -> 0 | AW41: =AV41 + (AT41*(7-N41)/6)*AU41 -> 2.6666667 | AX41: =AR41+(AW41*1.5) -> 11.5 | AY41: =IFERROR(__xludf.DUMMYFUNCTION("if(regexmatch(G41,""Mage|War Machine""),true,false)"),FALSE) -> FALSE
A42: 08_2A_3 | B42: Gorgon | C42: =concatenate(E42," ",B42) -> Disciples Gorgon | D42: TRUE | E42: Disciples | F42: Behemoth | G42: Monster | H42: 5 | I42: 2 | L42: 1 | M42: 1 | N42: 4 | O42: 5 | P42: 4 | Q42: 5 | R42: 5 | S42: <b>Petrifying Gaze</b> - Whenever an enemy unit targets this revealed unit (e.g. ranged attacks, spell targets, target in melee), this unit makes an attack against each model in the unit, hitting on 6 with no block saves allowed. In combat the models get to attack first and kills count towards who won combat. Takes effect even if this unit dies from the attack. <b>Multiwound 2</b> - Each hit does 2 wounds to a single model. <b>Multishot 3</b> - Ranged attacks roll 3 dice. | T42: 5.5 | Y42: 1 | AB42: 2 | AD42: 2 | AE42: #000000 | AF42: #000000 | AG42: #000000 | AH42: #000000 | AI42: #000000 | AJ42: #000000 | AK42: {=INDEX(Factions!C:C, MATCH(E42, Factions!B:B, 0))} -> #5c9667 | AL42: {=INDEX(Factions!D:D, MATCH(E42, Factions!B:B, 0))} -> #005050 | AM42: {=INDEX(Factions!E:E, MATCH(E42, Factions!B:B, 0))} -> #000000 | AN42: {=INDEX(Factions!F:F, MATCH(E42, Factions!B:B, 0))} -> #ffffff | AO42: {=concat(INDEX(Factions!G:G, MATCH(E42, Factions!B:B, 0)),".png")} -> disciples.png | AP42: =IFERROR(__xludf.DUMMYFUNCTION("MIN(FILTER(M42:M1098, F42:F1098=F42))"),1.0) -> 1 | AQ42: =Q42*L42 -> 5 | AR42: =IFERROR(__xludf.DUMMYFUNCTION("IF(and(REGEXMATCH(S42,""Vengence""),not(REGEXMATCH(S42, ""Protective Markings""))),AQ42,AQ42 * 6 / iferror(R42-1,6))"),7.5) -> 7.5 | AS42: =0 + if(P42="2d6",7,if(P42="d6",3.5,if(P42="d3",1.5,if(P42="2x2",4,if(P42="2x3",6,P42))))) -> 4 | AT42: =AS42*L42 -> 4 | AU42: =IFERROR(__xludf.DUMMYFUNCTION("IF(REGEXMATCH(S42,""<b>Poison</b>""),1+((1/(7-N42))/3),1)"),1.0) -> 1 | AV42: =IFERROR(__xludf.DUMMYFUNCTION("IF(REGEXMATCH(S42,""Vengence""),(7 - R42) / 3,0)"),0.0) -> 0 | AW42: =AV42 + (AT42*(7-N42)/6)*AU42 -> 2 | AX42: =AR42+(AW42*1.5) -> 10.5 | AY42: =IFERROR(__xludf.DUMMYFUNCTION("if(regexmatch(G42,""Mage|War Machine""),true,false)"),FALSE) -> FALSE
A43: 08_2C_2 | B43: Quillbird | C43: =concatenate(E43," ",B43) -> Disciples Quillbird | D43: TRUE | E43: Disciples | F43: Amalgam | G43: Flyer | H43: 5 | I43: 2 | L43: 1 | M43: 3 | N43: 4 | O43: - | P43: 5 | Q43: 5 | R43: 5 | S43: <b>Flying</b> - This unit can move over other units and obstacles <b>Manoeuvrable</b> - May turn once at any point during a walk or hustle <b>Circle of Spikes</b> - Opponents do not get bonuses for attacking this unit in the flank or rear. Strikes first against attacks from the flank or rear. | T43: 4.5 | AE43: #3467FF | AF43: #000000 | AG43: #000000 | AH43: #2b9800 | AI43: #2b9800 | AJ43: #000000 | AK43: {=INDEX(Factions!C:C, MATCH(E43, Factions!B:B, 0))} -> #5c9667 | AL43: {=INDEX(Factions!D:D, MATCH(E43, Factions!B:B, 0))} -> #005050 | AM43: {=INDEX(Factions!E:E, MATCH(E43, Factions!B:B, 0))} -> #000000 | AN43: {=INDEX(Factions!F:F, MATCH(E43, Factions!B:B, 0))} -> #ffffff | AO43: {=concat(INDEX(Factions!G:G, MATCH(E43, Factions!B:B, 0)),".png")} -> disciples.png | AP43: =IFERROR(__xludf.DUMMYFUNCTION("MIN(FILTER(M43:M1098, F43:F1098=F43))"),3.0) -> 3 | AQ43: =Q43*L43 -> 5 | AR43: =IFERROR(__xludf.DUMMYFUNCTION("IF(and(REGEXMATCH(S43,""Vengence""),not(REGEXMATCH(S43, ""Protective Markings""))),AQ43,AQ43 * 6 / iferror(R43-1,6))"),7.5) -> 7.5 | AS43: =0 + if(P43="2d6",7,if(P43="d6",3.5,if(P43="d3",1.5,if(P43="2x2",4,if(P43="2x3",6,P43))))) -> 5 | AT43: =AS43*L43 -> 5 | AU43: =IFERROR(__xludf.DUMMYFUNCTION("IF(REGEXMATCH(S43,""<b>Poison</b>""),1+((1/(7-N43))/3),1)"),1.0) -> 1 | AV43: =IFERROR(__xludf.DUMMYFUNCTION("IF(REGEXMATCH(S43,""Vengence""),(7 - R43) / 3,0)"),0.0) -> 0 | AW43: =AV43 + (AT43*(7-N43)/6)*AU43 -> 2.5 | AX43: =AR43+(AW43*1.5) -> 11.25 | AY43: =IFERROR(__xludf.DUMMYFUNCTION("if(regexmatch(G43,""Mage|War Machine""),true,false)"),FALSE) -> FALSE
A44: 08_2B_2 | B44: Poachers | C44: =concatenate(E44," ",B44) -> Disciples Poachers | D44: TRUE | E44: Disciples | F44: Grafters | G44: Archers | H44: 6 | I44: 2 | L44: 3 | M44: 1 | N44: 5 | O44: 4 | P44: 2 | Q44: 2 | R44: 5 | S44: <b>Silence</b> - Enemy units in the same combat as this unit ignore all of their perks (including weapon perks). <b>Silencing Shots</b> - Enemy units that have been damaged by this unit lose all of their perks (including weapon perks) until yor next turn. <b>Multishot 2</b> - Ranged attacks roll 2 dice. | T44: 5 | Y44: 1 | Z44: 1 | AA44: 1 | AB44: 1 | AC44: 1 | AD44: 2 | AE44: #000000 | AF44: #cc0000 | AG44: #2b9800 | AH44: #000000 | AI44: #000000 | AJ44: #000000 | AK44: {=INDEX(Factions!C:C, MATCH(E44, Factions!B:B, 0))} -> #5c9667 | AL44: {=INDEX(Factions!D:D, MATCH(E44, Factions!B:B, 0))} -> #005050 | AM44: {=INDEX(Factions!E:E, MATCH(E44, Factions!B:B, 0))} -> #000000 | AN44: {=INDEX(Factions!F:F, MATCH(E44, Factions!B:B, 0))} -> #ffffff | AO44: {=concat(INDEX(Factions!G:G, MATCH(E44, Factions!B:B, 0)),".png")} -> disciples.png | AP44: =IFERROR(__xludf.DUMMYFUNCTION("MIN(FILTER(M44:M1098, F44:F1098=F44))"),1.0) -> 1 | AQ44: =Q44*L44 -> 6 | AR44: =IFERROR(__xludf.DUMMYFUNCTION("IF(and(REGEXMATCH(S44,""Vengence""),not(REGEXMATCH(S44, ""Protective Markings""))),AQ44,AQ44 * 6 / iferror(R44-1,6))"),9.0) -> 9 | AS44: =0 + if(P44="2d6",7,if(P44="d6",3.5,if(P44="d3",1.5,if(P44="2x2",4,if(P44="2x3",6,P44))))) -> 2 | AT44: =AS44*L44 -> 6 | AU44: =IFERROR(__xludf.DUMMYFUNCTION("IF(REGEXMATCH(S44,""<b>Poison</b>""),1+((1/(7-N44))/3),1)"),1.0) -> 1 | AV44: =IFERROR(__xludf.DUMMYFUNCTION("IF(REGEXMATCH(S44,""Vengence""),(7 - R44) / 3,0)"),0.0) -> 0 | AW44: =AV44 + (AT44*(7-N44)/6)*AU44 -> 2 | AX44: =AR44+(AW44*1.5) -> 12 | AY44: =IFERROR(__xludf.DUMMYFUNCTION("if(regexmatch(G44,""Mage|War Machine""),true,false)"),FALSE) -> FALSE
A45: 08_2B_3 | B45: Scourgeons | C45: =concatenate(E45," ",B45) -> Disciples Scourgeons | D45: TRUE | E45: Disciples | F45: Grafters | G45: Support Mage | H45: 6 | I45: 2 | L45: 3 | M45: 1 | N45: 4 | O45: - | P45: 2 | Q45: 2 | R45: 5 | S45: <b>Permanent Grafts</b> - Graft spells last until they are successfully cast again, or this unit dies. <b>Prepared Spell</b> - Equip this unit with one free uncommon spell. | T45: 4 | W45: 2 | AB45: 2 | AE45: #000000 | AF45: #000000 | AG45: #000000 | AH45: #000000 | AI45: #000000 | AJ45: #000000 | AK45: {=INDEX(Factions!C:C, MATCH(E45, Factions!B:B, 0))} -> #5c9667 | AL45: {=INDEX(Factions!D:D, MATCH(E45, Factions!B:B, 0))} -> #005050 | AM45: {=INDEX(Factions!E:E, MATCH(E45, Factions!B:B, 0))} -> #000000 | AN45: {=INDEX(Factions!F:F, MATCH(E45, Factions!B:B, 0))} -> #ffffff | AO45: {=concat(INDEX(Factions!G:G, MATCH(E45, Factions!B:B, 0)),".png")} -> disciples.png | AP45: =IFERROR(__xludf.DUMMYFUNCTION("MIN(FILTER(M45:M1098, F45:F1098=F45))"),1.0) -> 1 | AQ45: =Q45*L45 -> 6 | AR45: =IFERROR(__xludf.DUMMYFUNCTION("IF(and(REGEXMATCH(S45,""Vengence""),not(REGEXMATCH(S45, ""Protective Markings""))),AQ45,AQ45 * 6 / iferror(R45-1,6))"),9.0) -> 9 | AS45: =0 + if(P45="2d6",7,if(P45="d6",3.5,if(P45="d3",1.5,if(P45="2x2",4,if(P45="2x3",6,P45))))) -> 2 | AT45: =AS45*L45 -> 6 | AU45: =IFERROR(__xludf.DUMMYFUNCTION("IF(REGEXMATCH(S45,""<b>Poison</b>""),1+((1/(7-N45))/3),1)"),1.0) -> 1 | AV45: =IFERROR(__xludf.DUMMYFUNCTION("IF(REGEXMATCH(S45,""Vengence""),(7 - R45) / 3,0)"),0.0) -> 0 | AW45: =AV45 + (AT45*(7-N45)/6)*AU45 -> 3 | AX45: =AR45+(AW45*1.5) -> 13.5 | AY45: =IFERROR(__xludf.DUMMYFUNCTION("if(regexmatch(G45,""Mage|War Machine""),true,false)"),TRUE) -> TRUE
A46: 08_2B_1 | B46: Alchemists | C46: =concatenate(E46," ",B46) -> Disciples Alchemists | D46: TRUE | E46: Disciples | F46: Grafters | G46: Support Mage | H46: 6 | I46: 2 | L46: 3 | M46: 1 | N46: 5 | O46: - | P46: 2 | Q46: 2 | R46: 6 | S46: <b>Infuse</b> - Free action: Give a friendly unit within 2 one of the following effects until you next cast infuse or this unit dies: <i>Poison</i> - 6s to hit can't be saved <i>Vengence</i> - When this unit blocks in combat, it still takes 1 wound. The unit that attacked takes 1 wound as well. <i>Regeneration 1</i> - Heal 1 at the start of each of your turns. | T46: 0 | W46: 2 | AE46: #000000 | AF46: #cc0000 | AG46: #000000 | AH46: #000000 | AI46: #000000 | AJ46: #cc0000 | AK46: {=INDEX(Factions!C:C, MATCH(E46, Factions!B:B, 0))} -> #5c9667 | AL46: {=INDEX(Factions!D:D, MATCH(E46, Factions!B:B, 0))} -> #005050 | AM46: {=INDEX(Factions!E:E, MATCH(E46, Factions!B:B, 0))} -> #000000 | AN46: {=INDEX(Factions!F:F, MATCH(E46, Factions!B:B, 0))} -> #ffffff | AO46: {=concat(INDEX(Factions!G:G, MATCH(E46, Factions!B:B, 0)),".png")} -> disciples.png | AP46: =IFERROR(__xludf.DUMMYFUNCTION("MIN(FILTER(M46:M1098, F46:F1098=F46))"),1.0) -> 1 | AQ46: =Q46*L46 -> 6 | AR46: =IFERROR(__xludf.DUMMYFUNCTION("IF(and(REGEXMATCH(S46,""Vengence""),not(REGEXMATCH(S46, ""Protective Markings""))),AQ46,AQ46 * 6 / iferror(R46-1,6))"),6.0) -> 6 | AS46: =0 + if(P46="2d6",7,if(P46="d6",3.5,if(P46="d3",1.5,if(P46="2x2",4,if(P46="2x3",6,P46))))) -> 2 | AT46: =AS46*L46 -> 6 | AU46: =IFERROR(__xludf.DUMMYFUNCTION("IF(REGEXMATCH(S46,""<b>Poison</b>""),1+((1/(7-N46))/3),1)"),1.0) -> 1 | AV46: =IFERROR(__xludf.DUMMYFUNCTION("IF(REGEXMATCH(S46,""Vengence""),(7 - R46) / 3,0)"),0.3333333333333333) -> 0.33333333 | AW46: =AV46 + (AT46*(7-N46)/6)*AU46 -> 2.3333333 | AX46: =AR46+(AW46*1.5) -> 9.5 | AY46: =IFERROR(__xludf.DUMMYFUNCTION("if(regexmatch(G46,""Mage|War Machine""),true,false)"),TRUE) -> TRUE
A47: 01_1_1 | B47: Warriors | C47: =concatenate(E47," ",B47) -> Gobbo Warriors | D47: TRUE | E47: Gobbo | F47: Goblins | G47: Warriors | H47: 6 | I47: 1 | J47: 2 | L47: 6 | M47: 1 | N47: 4 | O47: 6 | P47: 1 | Q47: 1 | R47: 5 | T47: 4 | V47: 0 | Y47: 1 | Z47: 1 | AA47: 1 | AB47: 1 | AC47: 1 | AD47: 1 | AE47: #000000 | AF47: #000000 | AG47: #000000 | AH47: #000000 | AI47: #000000 | AJ47: #000000 | AK47: {=INDEX(Factions!C:C, MATCH(E47, Factions!B:B, 0))} -> #00dd28 | AL47: {=INDEX(Factions!D:D, MATCH(E47, Factions!B:B, 0))} -> #00941A | AM47: {=INDEX(Factions!E:E, MATCH(E47, Factions!B:B, 0))} -> #000000 | AN47: {=INDEX(Factions!F:F, MATCH(E47, Factions!B:B, 0))} -> #ffffff | AO47: {=concat(INDEX(Factions!G:G, MATCH(E47, Factions!B:B, 0)),".png")} -> gobbos.png | AP47: =IFERROR(__xludf.DUMMYFUNCTION("MIN(FILTER(M47:M1098, F47:F1098=F47))"),1.0) -> 1 | AQ47: =Q47*L47 -> 6 | AR47: =IFERROR(__xludf.DUMMYFUNCTION("IF(and(REGEXMATCH(S47,""Vengence""),not(REGEXMATCH(S47, ""Protective Markings""))),AQ47,AQ47 * 6 / iferror(R47-1,6))"),9.0) -> 9 | AS47: =0 + if(P47="2d6",7,if(P47="d6",3.5,if(P47="d3",1.5,if(P47="2x2",4,if(P47="2x3",6,P47))))) -> 1 | AT47: =AS47*L47 -> 6 | AU47: =IFERROR(__xludf.DUMMYFUNCTION("IF(REGEXMATCH(S47,""<b>Poison</b>""),1+((1/(7-N47))/3),1)"),1.0) -> 1 | AV47: =IFERROR(__xludf.DUMMYFUNCTION("IF(REGEXMATCH(S47,""Vengence""),(7 - R47) / 3,0)"),0.0) -> 0 | AW47: =AV47 + (AT47*(7-N47)/6)*AU47 -> 3 | AX47: =AR47+(AW47*1.5) -> 13.5 | AY47: =IFERROR(__xludf.DUMMYFUNCTION("if(regexmatch(G47,""Mage|War Machine""),true,false)"),FALSE) -> FALSE
A48: 01_1_2 | B48: Bomb Squad | C48: =concatenate(E48," ",B48) -> Gobbo Bomb Squad | D48: TRUE | E48: Gobbo | F48: Goblins | G48: Unique | H48: 6 | I48: 1 | J48: 3 | L48: 6 | M48: 1 | N48: 2 | O48: - | P48: 2 | Q48: 1 | R48: - | S48: <b>AP 4</b> - Reduce block rolls by 4. <b>Explosive</b> - Dies after combat. <b>Unprotected</b> - Reveal this unit when an attack hits it, rather than using the default block. | T48: 0 | V48: 0 | AE48: #000000 | AF48: #3467FF | AG48: #000000 | AH48: #3467FF | AI48: #000000 | AJ48: #cc0000 | AK48: {=INDEX(Factions!C:C, MATCH(E48, Factions!B:B, 0))} -> #00dd28 | AL48: {=INDEX(Factions!D:D, MATCH(E48, Factions!B:B, 0))} -> #00941A | AM48: {=INDEX(Factions!E:E, MATCH(E48, Factions!B:B, 0))} -> #000000 | AN48: {=INDEX(Factions!F:F, MATCH(E48, Factions!B:B, 0))} -> #ffffff | AO48: {=concat(INDEX(Factions!G:G, MATCH(E48, Factions!B:B, 0)),".png")} -> gobbos.png | AP48: =IFERROR(__xludf.DUMMYFUNCTION("MIN(FILTER(M48:M1098, F48:F1098=F48))"),1.0) -> 1 | AQ48: =Q48*L48 -> 6 | AR48: =IFERROR(__xludf.DUMMYFUNCTION("IF(and(REGEXMATCH(S48,""Vengence""),not(REGEXMATCH(S48, ""Protective Markings""))),AQ48,AQ48 * 6 / iferror(R48-1,6))"),6.0) -> 6 | AS48: =0 + if(P48="2d6",7,if(P48="d6",3.5,if(P48="d3",1.5,if(P48="2x2",4,if(P48="2x3",6,P48))))) -> 2 | AT48: =AS48*L48 -> 12 | AU48: =IFERROR(__xludf.DUMMYFUNCTION("IF(REGEXMATCH(S48,""<b>Poison</b>""),1+((1/(7-N48))/3),1)"),1.0) -> 1 | AV48: =IFERROR(__xludf.DUMMYFUNCTION("IF(REGEXMATCH(S48,""Vengence""),(7 - R48) / 3,0)"),0.0) -> 0 | AW48: =AV48 + (AT48*(7-N48)/6)*AU48 -> 10 | AX48: =AR48+(AW48*1.5) -> 21 | AY48: =IFERROR(__xludf.DUMMYFUNCTION("if(regexmatch(G48,""Mage|War Machine""),true,false)"),FALSE) -> FALSE
A49: 01_1_3 | B49: Beserkers | C49: =concatenate(E49," ",B49) -> Gobbo Beserkers | D49: TRUE | E49: Gobbo | F49: Goblins | G49: Fast Infantry | H49: 6 | I49: 1 | J49: 3 | L49: 6 | M49: d3 | N49: 4 | O49: - | P49: 1 | Q49: 1 | R49: 5 | S49: <b>Random mover d3</b> - Roll a die for movement each turn. Movement is d3 spaces. <b>Eager to Fight</b> - You must move the full distance, or collide with something. If the unit moves off the board, it is lost. <b>Manoeuvrable</b> - May turn once at any point during a walk or hustle. | T49: 4 | Z49: 1 | AA49: 1 | AB49: 1 | AE49: #2b9800 | AF49: #000000 | AG49: #000000 | AH49: #000000 | AI49: #000000 | AJ49: #000000 | AK49: {=INDEX(Factions!C:C, MATCH(E49, Factions!B:B, 0))} -> #00dd28 | AL49: {=INDEX(Factions!D:D, MATCH(E49, Factions!B:B, 0))} -> #00941A | AM49: {=INDEX(Factions!E:E, MATCH(E49, Factions!B:B, 0))} -> #000000 | AN49: {=INDEX(Factions!F:F, MATCH(E49, Factions!B:B, 0))} -> #ffffff | AO49: {=concat(INDEX(Factions!G:G, MATCH(E49, Factions!B:B, 0)),".png")} -> gobbos.png | AP49: =IFERROR(__xludf.DUMMYFUNCTION("MIN(FILTER(M49:M1098, F49:F1098=F49))"),1.0) -> 1 | AQ49: =Q49*L49 -> 6 | AR49: =IFERROR(__xludf.DUMMYFUNCTION("IF(and(REGEXMATCH(S49,""Vengence""),not(REGEXMATCH(S49, ""Protective Markings""))),AQ49,AQ49 * 6 / iferror(R49-1,6))"),9.0) -> 9 | AS49: =0 + if(P49="2d6",7,if(P49="d6",3.5,if(P49="d3",1.5,if(P49="2x2",4,if(P49="2x3",6,P49))))) -> 1 | AT49: =AS49*L49 -> 6 | AU49: =IFERROR(__xludf.DUMMYFUNCTION("IF(REGEXMATCH(S49,""<b>Poison</b>""),1+((1/(7-N49))/3),1)"),1.0) -> 1 | AV49: =IFERROR(__xludf.DUMMYFUNCTION("IF(REGEXMATCH(S49,""Vengence""),(7 - R49) / 3,0)"),0.0) -> 0 | AW49: =AV49 + (AT49*(7-N49)/6)*AU49 -> 3 | AX49: =AR49+(AW49*1.5) -> 13.5 | AY49: =IFERROR(__xludf.DUMMYFUNCTION("if(regexmatch(G49,""Mage|War Machine""),true,false)"),FALSE) -> FALSE
A50: 01_1_4 | B50: Archers | C50: =concatenate(E50," ",B50) -> Gobbo Archers | D50: TRUE | E50: Gobbo | F50: Goblins | G50: Archers | H50: 6 | I50: 1 | J50: 2 | L50: 6 | M50: 1 | N50: 5 | O50: 4 | P50: 1 | Q50: 1 | R50: 6 | T50: 3 | AD50: 1 | AE50: #000000 | AF50: #cc0000 | AG50: #2b9800 | AH50: #000000 | AI50: #000000 | AJ50: #cc0000 | AK50: {=INDEX(Factions!C:C, MATCH(E50, Factions!B:B, 0))} -> #00dd28 | AL50: {=INDEX(Factions!D:D, MATCH(E50, Factions!B:B, 0))} -> #00941A | AM50: {=INDEX(Factions!E:E, MATCH(E50, Factions!B:B, 0))} -> #000000 | AN50: {=INDEX(Factions!F:F, MATCH(E50, Factions!B:B, 0))} -> #ffffff | AO50: {=concat(INDEX(Factions!G:G, MATCH(E50, Factions!B:B, 0)),".png")} -> gobbos.png | AP50: =IFERROR(__xludf.DUMMYFUNCTION("MIN(FILTER(M50:M1098, F50:F1098=F50))"),1.0) -> 1 | AQ50: =Q50*L50 -> 6 | AR50: =IFERROR(__xludf.DUMMYFUNCTION("IF(and(REGEXMATCH(S50,""Vengence""),not(REGEXMATCH(S50, ""Protective Markings""))),AQ50,AQ50 * 6 / iferror(R50-1,6))"),7.2) -> 7.2 | AS50: =0 + if(P50="2d6",7,if(P50="d6",3.5,if(P50="d3",1.5,if(P50="2x2",4,if(P50="2x3",6,P50))))) -> 1 | AT50: =AS50*L50 -> 6 | AU50: =IFERROR(__xludf.DUMMYFUNCTION("IF(REGEXMATCH(S50,""<b>Poison</b>""),1+((1/(7-N50))/3),1)"),1.0) -> 1 | AV50: =IFERROR(__xludf.DUMMYFUNCTION("IF(REGEXMATCH(S50,""Vengence""),(7 - R50) / 3,0)"),0.0) -> 0 | AW50: =AV50 + (AT50*(7-N50)/6)*AU50 -> 2 | AX50: =AR50+(AW50*1.5) -> 10.2 | AY50: =IFERROR(__xludf.DUMMYFUNCTION("if(regexmatch(G50,""Mage|War Machine""),true,false)"),FALSE) -> FALSE
A51: 01_1_5 | B51: Goblings | C51: =concatenate(E51," ",B51) -> Gobbo Goblings | D51: TRUE | E51: Gobbo | F51: Goblins | G51: Chaff | H51: 6 | I51: 1 | J51: 1 | L51: 6 | M51: 1 | N51: 5 | O51: - | P51: 1 | Q51: 1 | R51: 6 | S51: <b>Chaff</b> - Subtract 1 from leadership rolls. 6s still auto-succeed. | T51: 3 | AE51: #000000 | AF51: #cc0000 | AG51: #000000 | AH51: #000000 | AI51: #000000 | AJ51: #cc0000 | AK51: {=INDEX(Factions!C:C, MATCH(E51, Factions!B:B, 0))} -> #00dd28 | AL51: {=INDEX(Factions!D:D, MATCH(E51, Factions!B:B, 0))} -> #00941A | AM51: {=INDEX(Factions!E:E, MATCH(E51, Factions!B:B, 0))} -> #000000 | AN51: {=INDEX(Factions!F:F, MATCH(E51, Factions!B:B, 0))} -> #ffffff | AO51: {=concat(INDEX(Factions!G:G, MATCH(E51, Factions!B:B, 0)),".png")} -> gobbos.png | AP51: =IFERROR(__xludf.DUMMYFUNCTION("MIN(FILTER(M51:M1098, F51:F1098=F51))"),1.0) -> 1 | AQ51: =Q51*L51 -> 6 | AR51: =IFERROR(__xludf.DUMMYFUNCTION("IF(and(REGEXMATCH(S51,""Vengence""),not(REGEXMATCH(S51, ""Protective Markings""))),AQ51,AQ51 * 6 / iferror(R51-1,6))"),7.2) -> 7.2 | AS51: =0 + if(P51="2d6",7,if(P51="d6",3.5,if(P51="d3",1.5,if(P51="2x2",4,if(P51="2x3",6,P51))))) -> 1 | AT51: =AS51*L51 -> 6 | AU51: =IFERROR(__xludf.DUMMYFUNCTION("IF(REGEXMATCH(S51,""<b>Poison</b>""),1+((1/(7-N51))/3),1)"),1.0) -> 1 | AV51: =IFERROR(__xludf.DUMMYFUNCTION("IF(REGEXMATCH(S51,""Vengence""),(7 - R51) / 3,0)"),0.0) -> 0 | AW51: =AV51 + (AT51*(7-N51)/6)*AU51 -> 2 | AX51: =AR51+(AW51*1.5) -> 10.2 | AY51: =IFERROR(__xludf.DUMMYFUNCTION("if(regexmatch(G51,""Mage|War Machine""),true,false)"),FALSE) -> FALSE
A52: 01_1_6 | B52: Poppers | C52: =concatenate(E52," ",B52) -> Gobbo Poppers | D52: TRUE | E52: Gobbo | F52: Goblins | G52: Infantry | H52: 6 | I52: 1 | J52: 2 | L52: 6 | M52: 1 | N52: 5 | O52: - | P52: 1 | Q52: 1 | R52: 6 | S52: <b>Burst</b> - For each friendly model that dies in combat, make an attack hitting on 4+ with AP1 against the unit that dealt the wound. | T52: 4 | AE52: #000000 | AF52: #cc0000 | AG52: #000000 | AH52: #000000 | AI52: #000000 | AJ52: #cc0000 | AK52: {=INDEX(Factions!C:C, MATCH(E52, Factions!B:B, 0))} -> #00dd28 | AL52: {=INDEX(Factions!D:D, MATCH(E52, Factions!B:B, 0))} -> #00941A | AM52: {=INDEX(Factions!E:E, MATCH(E52, Factions!B:B, 0))} -> #000000 | AN52: {=INDEX(Factions!F:F, MATCH(E52, Factions!B:B, 0))} -> #ffffff | AO52: {=concat(INDEX(Factions!G:G, MATCH(E52, Factions!B:B, 0)),".png")} -> gobbos.png | AP52: =IFERROR(__xludf.DUMMYFUNCTION("MIN(FILTER(M52:M1098, F52:F1098=F52))"),1.0) -> 1 | AQ52: =Q52*L52 -> 6 | AR52: =IFERROR(__xludf.DUMMYFUNCTION("IF(and(REGEXMATCH(S52,""Vengence""),not(REGEXMATCH(S52, ""Protective Markings""))),AQ52,AQ52 * 6 / iferror(R52-1,6))"),7.2) -> 7.2 | AS52: =0 + if(P52="2d6",7,if(P52="d6",3.5,if(P52="d3",1.5,if(P52="2x2",4,if(P52="2x3",6,P52))))) -> 1 | AT52: =AS52*L52 -> 6 | AU52: =IFERROR(__xludf.DUMMYFUNCTION("IF(REGEXMATCH(S52,""<b>Poison</b>""),1+((1/(7-N52))/3),1)"),1.0) -> 1 | AV52: =IFERROR(__xludf.DUMMYFUNCTION("IF(REGEXMATCH(S52,""Vengence""),(7 - R52) / 3,0)"),0.0) -> 0 | AW52: =AV52 + (AT52*(7-N52)/6)*AU52 -> 2 | AX52: =AR52+(AW52*1.5) -> 10.2 | AY52: =IFERROR(__xludf.DUMMYFUNCTION("if(regexmatch(G52,""Mage|War Machine""),true,false)"),FALSE) -> FALSE
A53: 01_2A_1 | B53: Wolfcarts | C53: =concatenate(E53," ",B53) -> Gobbo Wolfcarts | D53: TRUE | E53: Gobbo | F53: Chariots | G53: Chariot | H53: 5 | I53: 2 | L53: 2 | M53: 2 | N53: 4 | O53: 5 | P53: 4 | Q53: 4 | R53: 5 | S53: <b>Impact Hits d3</b> - If you get a charge bonus, do d3 attacks per model hitting on 4+. These count towards who won combat. <b>Chariot</b> - Can't sidestep | T53: 5.5 | Y53: 2 | Z53: 2 | AA53: 2 | AB53: 2 | AC53: 2 | AD53: 2 | AE53: #2b9800 | AF53: #000000 | AG53: #000000 | AH53: #2b9800 | AI53: #2b9800 | AJ53: #000000 | AK53: {=INDEX(Factions!C:C, MATCH(E53, Factions!B:B, 0))} -> #00dd28 | AL53: {=INDEX(Factions!D:D, MATCH(E53, Factions!B:B, 0))} -> #00941A | AM53: {=INDEX(Factions!E:E, MATCH(E53, Factions!B:B, 0))} -> #000000 | AN53: {=INDEX(Factions!F:F, MATCH(E53, Factions!B:B, 0))} -> #ffffff | AO53: {=concat(INDEX(Factions!G:G, MATCH(E53, Factions!B:B, 0)),".png")} -> gobbos.png | AP53: =IFERROR(__xludf.DUMMYFUNCTION("MIN(FILTER(M53:M1098, F53:F1098=F53))"),2.0) -> 2 | AQ53: =Q53*L53 -> 8 | AR53: =IFERROR(__xludf.DUMMYFUNCTION("IF(and(REGEXMATCH(S53,""Vengence""),not(REGEXMATCH(S53, ""Protective Markings""))),AQ53,AQ53 * 6 / iferror(R53-1,6))"),12.0) -> 12 | AS53: =0 + if(P53="2d6",7,if(P53="d6",3.5,if(P53="d3",1.5,if(P53="2x2",4,if(P53="2x3",6,P53))))) -> 4 | AT53: =AS53*L53 -> 8 | AU53: =IFERROR(__xludf.DUMMYFUNCTION("IF(REGEXMATCH(S53,""<b>Poison</b>""),1+((1/(7-N53))/3),1)"),1.0) -> 1 | AV53: =IFERROR(__xludf.DUMMYFUNCTION("IF(REGEXMATCH(S53,""Vengence""),(7 - R53) / 3,0)"),0.0) -> 0 | AW53: =AV53 + (AT53*(7-N53)/6)*AU53 -> 4 | AX53: =AR53+(AW53*1.5) -> 18 | AY53: =IFERROR(__xludf.DUMMYFUNCTION("if(regexmatch(G53,""Mage|War Machine""),true,false)"),FALSE) -> FALSE
A54: 01_2A_2 | B54: Bangwagons | C54: =concatenate(E54," ",B54) -> Gobbo Bangwagons | D54: TRUE | E54: Gobbo | F54: Chariots | G54: Unique | H54: 5 | I54: 2 | L54: 2 | M54: 2 | N54: 2 | O54: - | P54: 2d6 | Q54: 2 | R54: - | S54: <b>Explosive</b> - Dies after combat. <b>Giant Powder Keg</b> - 2d6 attacks per model <b>AP 4</b> - Reduce block rolls by 4. <b>Fast</b> - Rolls two hustle die, so it can travel up to two extra squares. <b>Unprotected</b> - Reveal this unit when an attack hits it, rather than using the default block. <b>Chariot</b> - Can't sidestep | T54: 0 | AE54: #2b9800 | AF54: #3467FF | AG54: #000000 | AH54: #3467FF | AI54: #cc0000 | AJ54: #cc0000 | AK54: {=INDEX(Factions!C:C, MATCH(E54, Factions!B:B, 0))} -> #00dd28 | AL54: {=INDEX(Factions!D:D, MATCH(E54, Factions!B:B, 0))} -> #00941A | AM54: {=INDEX(Factions!E:E, MATCH(E54, Factions!B:B, 0))} -> #000000 | AN54: {=INDEX(Factions!F:F, MATCH(E54, Factions!B:B, 0))} -> #ffffff | AO54: {=concat(INDEX(Factions!G:G, MATCH(E54, Factions!B:B, 0)),".png")} -> gobbos.png | AP54: =IFERROR(__xludf.DUMMYFUNCTION("MIN(FILTER(M54:M1098, F54:F1098=F54))"),2.0) -> 2 | AQ54: =Q54*L54 -> 4 | AR54: =IFERROR(__xludf.DUMMYFUNCTION("IF(and(REGEXMATCH(S54,""Vengence""),not(REGEXMATCH(S54, ""Protective Markings""))),AQ54,AQ54 * 6 / iferror(R54-1,6))"),4.0) -> 4 | AS54: =0 + if(P54="2d6",7,if(P54="d6",3.5,if(P54="d3",1.5,if(P54="2x2",4,if(P54="2x3",6,P54))))) -> 7 | AT54: =AS54*L54 -> 14 | AU54: =IFERROR(__xludf.DUMMYFUNCTION("IF(REGEXMATCH(S54,""<b>Poison</b>""),1+((1/(7-N54))/3),1)"),1.0) -> 1 | AV54: =IFERROR(__xludf.DUMMYFUNCTION("IF(REGEXMATCH(S54,""Vengence""),(7 - R54) / 3,0)"),0.0) -> 0 | AW54: =AV54 + (AT54*(7-N54)/6)*AU54 -> 11.666667 | AX54: =AR54+(AW54*1.5) -> 21.5 | AY54: =IFERROR(__xludf.DUMMYFUNCTION("if(regexmatch(G54,""Mage|War Machine""),true,false)"),FALSE) -> FALSE
A55: 01_2A_3 | B55: Hunting Party | C55: =concatenate(E55," ",B55) -> Gobbo Hunting Party | D55: TRUE | E55: Gobbo | F55: Chariots | G55: Chariot | H55: 5 | I55: 2 | L55: 2 | M55: 2 | N55: 5 | O55: 4 | P55: 2 | Q55: 4 | R55: 5 | S55: <b>Fire on the Move</b> - Can use ranged attacks after walking <b>Multishot 3</b> - Ranged attacks roll 3 dice per model <b>Manoeuvrable</b> - May turn once at any point during a walk or hustle <b>Chariot</b> - Can't sidestep | T55: 3 | Y55: 2 | Z55: 2 | AA55: 2 | AB55: 2 | AC55: 2 | AD55: 2 | AE55: #2b9800 | AF55: #cc0000 | AG55: #2b9800 | AH55: #cc0000 | AI55: #2b9800 | AJ55: #000000 | AK55: {=INDEX(Factions!C:C, MATCH(E55, Factions!B:B, 0))} -> #00dd28 | AL55: {=INDEX(Factions!D:D, MATCH(E55, Factions!B:B, 0))} -> #00941A | AM55: {=INDEX(Factions!E:E, MATCH(E55, Factions!B:B, 0))} -> #000000 | AN55: {=INDEX(Factions!F:F, MATCH(E55, Factions!B:B, 0))} -> #ffffff | AO55: {=concat(INDEX(Factions!G:G, MATCH(E55, Factions!B:B, 0)),".png")} -> gobbos.png | AP55: =IFERROR(__xludf.DUMMYFUNCTION("MIN(FILTER(M55:M1098, F55:F1098=F55))"),2.0) -> 2 | AQ55: =Q55*L55 -> 8 | AR55: =IFERROR(__xludf.DUMMYFUNCTION("IF(and(REGEXMATCH(S55,""Vengence""),not(REGEXMATCH(S55, ""Protective Markings""))),AQ55,AQ55 * 6 / iferror(R55-1,6))"),12.0) -> 12 | AS55: =0 + if(P55="2d6",7,if(P55="d6",3.5,if(P55="d3",1.5,if(P55="2x2",4,if(P55="2x3",6,P55))))) -> 2 | AT55: =AS55*L55 -> 4 | AU55: =IFERROR(__xludf.DUMMYFUNCTION("IF(REGEXMATCH(S55,""<b>Poison</b>""),1+((1/(7-N55))/3),1)"),1.0) -> 1 | AV55: =IFERROR(__xludf.DUMMYFUNCTION("IF(REGEXMATCH(S55,""Vengence""),(7 - R55) / 3,0)"),0.0) -> 0 | AW55: =AV55 + (AT55*(7-N55)/6)*AU55 -> 1.3333333 | AX55: =AR55+(AW55*1.5) -> 14 | AY55: =IFERROR(__xludf.DUMMYFUNCTION("if(regexmatch(G55,""Mage|War Machine""),true,false)"),FALSE) -> FALSE
A56: 01_2B_1 | B56: Starchucker | C56: =concatenate(E56," ",B56) -> Gobbo Starchucker | D56: TRUE | E56: Gobbo | F56: Hurtbox | G56: War Machine | H56: 6 | I56: 2 | L56: 1 | M56: 1 | N56: 6 | O56: 3 | P56: 2 | Q56: 3 | R56: 6 | S56: <b>War Machine</b> - Dies if it flees. <b>Razorstar</b> - Ranged weapon. Range d6+1. The first unit in that range gets one attack that hits on 3+, AP -3. If it hits, the next unit takes a 4+, AP -2. If that hits, the third unit takes a 5+, AP -1. Each hit does d6 wounds to a single model. This shot can't pass through terrain. <b>Friendly Fire</b> - Can shoot into combat and into friendly units. | T56: 1 | AE56: #000000 | AF56: #000000 | AG56: #3467FF | AH56: #000000 | AI56: #000000 | AJ56: #000000 | AK56: {=INDEX(Factions!C:C, MATCH(E56, Factions!B:B, 0))} -> #00dd28 | AL56: {=INDEX(Factions!D:D, MATCH(E56, Factions!B:B, 0))} -> #00941A | AM56: {=INDEX(Factions!E:E, MATCH(E56, Factions!B:B, 0))} -> #000000 | AN56: {=INDEX(Factions!F:F, MATCH(E56, Factions!B:B, 0))} -> #ffffff | AO56: {=concat(INDEX(Factions!G:G, MATCH(E56, Factions!B:B, 0)),".png")} -> gobbos.png | AP56: =IFERROR(__xludf.DUMMYFUNCTION("MIN(FILTER(M56:M1098, F56:F1098=F56))"),1.0) -> 1 | AQ56: =Q56*L56 -> 3 | AR56: =IFERROR(__xludf.DUMMYFUNCTION("IF(and(REGEXMATCH(S56,""Vengence""),not(REGEXMATCH(S56, ""Protective Markings""))),AQ56,AQ56 * 6 / iferror(R56-1,6))"),3.6) -> 3.6 | AS56: =0 + if(P56="2d6",7,if(P56="d6",3.5,if(P56="d3",1.5,if(P56="2x2",4,if(P56="2x3",6,P56))))) -> 2 | AT56: =AS56*L56 -> 2 | AU56: =IFERROR(__xludf.DUMMYFUNCTION("IF(REGEXMATCH(S56,""<b>Poison</b>""),1+((1/(7-N56))/3),1)"),1.0) -> 1 | AV56: =IFERROR(__xludf.DUMMYFUNCTION("IF(REGEXMATCH(S56,""Vengence""),(7 - R56) / 3,0)"),0.0) -> 0 | AW56: =AV56 + (AT56*(7-N56)/6)*AU56 -> 0.33333333 | AX56: =AR56+(AW56*1.5) -> 4.1 | AY56: =IFERROR(__xludf.DUMMYFUNCTION("if(regexmatch(G56,""Mage|War Machine""),true,false)"),TRUE) -> TRUE
A57: 01_2B_2 | B57: Boombox | C57: =concatenate(E57," ",B57) -> Gobbo Boombox | D57: TRUE | E57: Gobbo | F57: Hurtbox | G57: War Machine | H57: 6 | I57: 2 | L57: 1 | M57: 1 | N57: 6 | O57: - | P57: 2 | Q57: 3 | R57: 6 | S57: <small><b>War Machine</b> - Dies if it flees. <b>The Big Guns</b> - Pick a target square within 6 and roll a die. 6 - Direct hit. 5 - Off by one, your choice. 4 - Off by one, towards the opponents board edge. 3 - Off by one, towards your board edge. 2 - Off by two, opponent's choice where. 1 - Hit yourself. The central tile takes d6 attacks, 3+ AP -1. The four adjacent tiles take 1 hit each, 4+ AP0. <b>Friendly Fire</b> - Can shoot into combat and into friendly units.</small> | T57: 1 | AE57: #000000 | AF57: #000000 | AG57: #000000 | AH57: #000000 | AI57: #000000 | AJ57: #000000 | AK57: {=INDEX(Factions!C:C, MATCH(E57, Factions!B:B, 0))} -> #00dd28 | AL57: {=INDEX(Factions!D:D, MATCH(E57, Factions!B:B, 0))} -> #00941A | AM57: {=INDEX(Factions!E:E, MATCH(E57, Factions!B:B, 0))} -> #000000 | AN57: {=INDEX(Factions!F:F, MATCH(E57, Factions!B:B, 0))} -> #ffffff | AO57: {=concat(INDEX(Factions!G:G, MATCH(E57, Factions!B:B, 0)),".png")} -> gobbos.png | AP57: =IFERROR(__xludf.DUMMYFUNCTION("MIN(FILTER(M57:M1098, F57:F1098=F57))"),1.0) -> 1 | AQ57: =Q57*L57 -> 3 | AR57: =IFERROR(__xludf.DUMMYFUNCTION("IF(and(REGEXMATCH(S57,""Vengence""),not(REGEXMATCH(S57, ""Protective Markings""))),AQ57,AQ57 * 6 / iferror(R57-1,6))"),3.6) -> 3.6 | AS57: =0 + if(P57="2d6",7,if(P57="d6",3.5,if(P57="d3",1.5,if(P57="2x2",4,if(P57="2x3",6,P57))))) -> 2 | AT57: =AS57*L57 -> 2 | AU57: =IFERROR(__xludf.DUMMYFUNCTION("IF(REGEXMATCH(S57,""<b>Poison</b>""),1+((1/(7-N57))/3),1)"),1.0) -> 1 | AV57: =IFERROR(__xludf.DUMMYFUNCTION("IF(REGEXMATCH(S57,""Vengence""),(7 - R57) / 3,0)"),0.0) -> 0 | AW57: =AV57 + (AT57*(7-N57)/6)*AU57 -> 0.33333333 | AX57: =AR57+(AW57*1.5) -> 4.1 | AY57: =IFERROR(__xludf.DUMMYFUNCTION("if(regexmatch(G57,""Mage|War Machine""),true,false)"),TRUE) -> TRUE
A58: 01_2B_3 | B58: Firetruck | C58: =concatenate(E58," ",B58) -> Gobbo Firetruck | D58: TRUE | E58: Gobbo | F58: Hurtbox | G58: Monster | H58: 6 | I58: 2 | L58: 1 | M58: 1 | N58: 4 | O58: - | P58: 2 | Q58: 6 | R58: 4 | S58: <small><b>Flamethrower</b> - Special action. Can be used instead of attacking in combat or as a ranged attack. Roll a die for range. 6 - Range 3 5/4 - Range 2 3 - Range 1 2 - Take 1 wound 1 - Opponent turns you 90 degrees. Range 2. Hits all tiles in range across all three ranged attack columns. Each unit that is hit rolls a die for each model in the unit. Models are hit on a 5, AP1. <b>Friendly Fire</b> - Can shoot into combat and into friendly units. <b>Chariot</b> - Can't sidestep</small> | T58: 0 | AE58: #000000 | AF58: #000000 | AG58: #000000 | AH58: #000000 | AI58: #2b9800 | AJ58: #2b9800 | AK58: {=INDEX(Factions!C:C, MATCH(E58, Factions!B:B, 0))} -> #00dd28 | AL58: {=INDEX(Factions!D:D, MATCH(E58, Factions!B:B, 0))} -> #00941A | AM58: {=INDEX(Factions!E:E, MATCH(E58, Factions!B:B, 0))} -> #000000 | AN58: {=INDEX(Factions!F:F, MATCH(E58, Factions!B:B, 0))} -> #ffffff | AO58: {=concat(INDEX(Factions!G:G, MATCH(E58, Factions!B:B, 0)),".png")} -> gobbos.png | AP58: =IFERROR(__xludf.DUMMYFUNCTION("MIN(FILTER(M58:M1098, F58:F1098=F58))"),1.0) -> 1 | AQ58: =Q58*L58 -> 6 | AR58: =IFERROR(__xludf.DUMMYFUNCTION("IF(and(REGEXMATCH(S58,""Vengence""),not(REGEXMATCH(S58, ""Protective Markings""))),AQ58,AQ58 * 6 / iferror(R58-1,6))"),12.0) -> 12 | AS58: =0 + if(P58="2d6",7,if(P58="d6",3.5,if(P58="d3",1.5,if(P58="2x2",4,if(P58="2x3",6,P58))))) -> 2 | AT58: =AS58*L58 -> 2 | AU58: =IFERROR(__xludf.DUMMYFUNCTION("IF(REGEXMATCH(S58,""<b>Poison</b>""),1+((1/(7-N58))/3),1)"),1.0) -> 1 | AV58: =IFERROR(__xludf.DUMMYFUNCTION("IF(REGEXMATCH(S58,""Vengence""),(7 - R58) / 3,0)"),0.0) -> 0 | AW58: =AV58 + (AT58*(7-N58)/6)*AU58 -> 1 | AX58: =AR58+(AW58*1.5) -> 13.5 | AY58: =IFERROR(__xludf.DUMMYFUNCTION("if(regexmatch(G58,""Mage|War Machine""),true,false)"),FALSE) -> FALSE
A59: 01_2C_1 | B59: Flagellants | C59: =concatenate(E59," ",B59) -> Gobbo Flagellants | D59: TRUE | E59: Gobbo | F59: Priests | G59: Attack Infantry | H59: 6 | I59: 2 | L59: 6 | M59: 1 | N59: 4 | O59: - | P59: 3 | Q59: 1 | R59: - | S59: <b>Unbreakable</b> - Can't flee <b>Rabid</b> - Must move into combat if able to <b>Unprotected</b> - Reveal this unit when an attack hits it, rather than using the default block. | T59: 7.25 | AA59: 2 | AE59: #000000 | AF59: #000000 | AG59: #000000 | AH59: #3467FF | AI59: #000000 | AJ59: #cc0000 | AK59: {=INDEX(Factions!C:C, MATCH(E59, Factions!B:B, 0))} -> #00dd28 | AL59: {=INDEX(Factions!D:D, MATCH(E59, Factions!B:B, 0))} -> #00941A | AM59: {=INDEX(Factions!E:E, MATCH(E59, Factions!B:B, 0))} -> #000000 | AN59: {=INDEX(Factions!F:F, MATCH(E59, Factions!B:B, 0))} -> #ffffff | AO59: {=concat(INDEX(Factions!G:G, MATCH(E59, Factions!B:B, 0)),".png")} -> gobbos.png | AP59: =IFERROR(__xludf.DUMMYFUNCTION("MIN(FILTER(M59:M1098, F59:F1098=F59))"),1.0) -> 1 | AQ59: =Q59*L59 -> 6 | AR59: =IFERROR(__xludf.DUMMYFUNCTION("IF(and(REGEXMATCH(S59,""Vengence""),not(REGEXMATCH(S59, ""Protective Markings""))),AQ59,AQ59 * 6 / iferror(R59-1,6))"),6.0) -> 6 | AS59: =0 + if(P59="2d6",7,if(P59="d6",3.5,if(P59="d3",1.5,if(P59="2x2",4,if(P59="2x3",6,P59))))) -> 3 | AT59: =AS59*L59 -> 18 | AU59: =IFERROR(__xludf.DUMMYFUNCTION("IF(REGEXMATCH(S59,""<b>Poison</b>""),1+((1/(7-N59))/3),1)"),1.0) -> 1 | AV59: =IFERROR(__xludf.DUMMYFUNCTION("IF(REGEXMATCH(S59,""Vengence""),(7 - R59) / 3,0)"),0.0) -> 0 | AW59: =AV59 + (AT59*(7-N59)/6)*AU59 -> 9 | AX59: =AR59+(AW59*1.5) -> 19.5 | AY59: =IFERROR(__xludf.DUMMYFUNCTION("if(regexmatch(G59,""Mage|War Machine""),true,false)"),FALSE) -> FALSE
A60: 01_2C_2 | B60: Tincans | C60: =concatenate(E60," ",B60) -> Gobbo Tincans | D60: TRUE | E60: Gobbo | F60: Priests | G60: Heavy Infantry | H60: 6 | I60: 2 | L60: 6 | M60: 1 | N60: 4 | O60: 6 | P60: 1 | Q60: 1 | R60: 3 | S60: <b>Stalwart</b> - Add 1 to leadership rolls <b>Slow</b> - Can't hustle | T60: 7.25 | Y60: 2 | Z60: 2 | AA60: 2 | AB60: 2 | AC60: 2 | AD60: 1 | AE60: #000000 | AF60: #000000 | AG60: #000000 | AH60: #000000 | AI60: #000000 | AJ60: #3467FF | AK60: {=INDEX(Factions!C:C, MATCH(E60, Factions!B:B, 0))} -> #00dd28 | AL60: {=INDEX(Factions!D:D, MATCH(E60, Factions!B:B, 0))} -> #00941A | AM60: {=INDEX(Factions!E:E, MATCH(E60, Factions!B:B, 0))} -> #000000 | AN60: {=INDEX(Factions!F:F, MATCH(E60, Factions!B:B, 0))} -> #ffffff | AO60: {=concat(INDEX(Factions!G:G, MATCH(E60, Factions!B:B, 0)),".png")} -> gobbos.png | AP60: =IFERROR(__xludf.DUMMYFUNCTION("MIN(FILTER(M60:M1098, F60:F1098=F60))"),1.0) -> 1 | AQ60: =Q60*L60 -> 6 | AR60: =IFERROR(__xludf.DUMMYFUNCTION("IF(and(REGEXMATCH(S60,""Vengence""),not(REGEXMATCH(S60, ""Protective Markings""))),AQ60,AQ60 * 6 / iferror(R60-1,6))"),18.0) -> 18 | AS60: =0 + if(P60="2d6",7,if(P60="d6",3.5,if(P60="d3",1.5,if(P60="2x2",4,if(P60="2x3",6,P60))))) -> 1 | AT60: =AS60*L60 -> 6 | AU60: =IFERROR(__xludf.DUMMYFUNCTION("IF(REGEXMATCH(S60,""<b>Poison</b>""),1+((1/(7-N60))/3),1)"),1.0) -> 1 | AV60: =IFERROR(__xludf.DUMMYFUNCTION("IF(REGEXMATCH(S60,""Vengence""),(7 - R60) / 3,0)"),0.0) -> 0 | AW60: =AV60 + (AT60*(7-N60)/6)*AU60 -> 3 | AX60: =AR60+(AW60*1.5) -> 22.5 | AY60: =IFERROR(__xludf.DUMMYFUNCTION("if(regexmatch(G60,""Mage|War Machine""),true,false)"),FALSE) -> FALSE
A61: 01_2C_3 | B61: Skypriests | C61: =concatenate(E61," ",B61) -> Gobbo Skypriests | D61: TRUE | E61: Gobbo | F61: Priests | G61: Fast Infantry | H61: 6 | I61: 2 | L61: 6 | M61: 1 | N61: 4 | O61: - | P61: 1 | Q61: 1 | R61: 5 | S61: <b>"Jetpacks"</b> - Action: Roll 2d6. Move a number of tiles at least equal to the lower die, and up to the higher die. You can fly over other units. After landing, this unit may face any direction. If you choose to land on a unit, each model makes 2 attacks hitting at 4+ with AP 2, then this unit dies [explosive]. If this unit moves off the board, it dies. | T61: 4 | Y61: 2 | Z61: 2 | AA61: 2 | AB61: 2 | AC61: 2 | AD61: 1 | AE61: #000000 | AF61: #000000 | AG61: #000000 | AH61: #000000 | AI61: #000000 | AJ61: #000000 | AK61: {=INDEX(Factions!C:C, MATCH(E61, Factions!B:B, 0))} -> #00dd28 | AL61: {=INDEX(Factions!D:D, MATCH(E61, Factions!B:B, 0))} -> #00941A | AM61: {=INDEX(Factions!E:E, MATCH(E61, Factions!B:B, 0))} -> #000000 | AN61: {=INDEX(Factions!F:F, MATCH(E61, Factions!B:B, 0))} -> #ffffff | AO61: {=concat(INDEX(Factions!G:G, MATCH(E61, Factions!B:B, 0)),".png")} -> gobbos.png | AP61: =IFERROR(__xludf.DUMMYFUNCTION("MIN(FILTER(M61:M1098, F61:F1098=F61))"),1.0) -> 1 | AQ61: =Q61*L61 -> 6 | AR61: =IFERROR(__xludf.DUMMYFUNCTION("IF(and(REGEXMATCH(S61,""Vengence""),not(REGEXMATCH(S61, ""Protective Markings""))),AQ61,AQ61 * 6 / iferror(R61-1,6))"),9.0) -> 9 | AS61: =0 + if(P61="2d6",7,if(P61="d6",3.5,if(P61="d3",1.5,if(P61="2x2",4,if(P61="2x3",6,P61))))) -> 1 | AT61: =AS61*L61 -> 6 | AU61: =IFERROR(__xludf.DUMMYFUNCTION("IF(REGEXMATCH(S61,""<b>Poison</b>""),1+((1/(7-N61))/3),1)"),1.0) -> 1 | AV61: =IFERROR(__xludf.DUMMYFUNCTION("IF(REGEXMATCH(S61,""Vengence""),(7 - R61) / 3,0)"),0.0) -> 0 | AW61: =AV61 + (AT61*(7-N61)/6)*AU61 -> 3 | AX61: =AR61+(AW61*1.5) -> 13.5 | AY61: =IFERROR(__xludf.DUMMYFUNCTION("if(regexmatch(G61,""Mage|War Machine""),true,false)"),FALSE) -> FALSE
A62: 02_1_4 | B62: Horde | C62: =concatenate(E62," ",B62) -> Ratkin Horde | D62: TRUE | E62: Ratkin | F62: Rats | G62: Chaff | H62: - | I62: 1 | J62: 1 | L62: 9 | M62: 1 | N62: 6 | O62: - | P62: 1 | Q62: 1 | R62: - | S62: <b>Chaff</b> - Subtract 1 from leadership rolls. 6s still auto-succeed. | T62: 3 | Y62: 1 | AC62: 1 | AE62: #000000 | AF62: #cc0000 | AG62: #000000 | AH62: #000000 | AI62: #000000 | AJ62: #cc0000 | AK62: {=INDEX(Factions!C:C, MATCH(E62, Factions!B:B, 0))} -> #ffb380 | AL62: {=INDEX(Factions!D:D, MATCH(E62, Factions!B:B, 0))} -> #733d00 | AM62: {=INDEX(Factions!E:E, MATCH(E62, Factions!B:B, 0))} -> #000000 | AN62: {=INDEX(Factions!F:F, MATCH(E62, Factions!B:B, 0))} -> #ffffff | AO62: {=concat(INDEX(Factions!G:G, MATCH(E62, Factions!B:B, 0)),".png")} -> rats.png | AP62: =IFERROR(__xludf.DUMMYFUNCTION("MIN(FILTER(M62:M1098, F62:F1098=F62))"),1.0) -> 1 | AQ62: =Q62*L62 -> 9 | AR62: =IFERROR(__xludf.DUMMYFUNCTION("IF(and(REGEXMATCH(S62,""Vengence""),not(REGEXMATCH(S62, ""Protective Markings""))),AQ62,AQ62 * 6 / iferror(R62-1,6))"),9.0) -> 9 | AS62: =0 + if(P62="2d6",7,if(P62="d6",3.5,if(P62="d3",1.5,if(P62="2x2",4,if(P62="2x3",6,P62))))) -> 1 | AT62: =AS62*L62 -> 9 | AU62: =IFERROR(__xludf.DUMMYFUNCTION("IF(REGEXMATCH(S62,""<b>Poison</b>""),1+((1/(7-N62))/3),1)"),1.0) -> 1 | AV62: =IFERROR(__xludf.DUMMYFUNCTION("IF(REGEXMATCH(S62,""Vengence""),(7 - R62) / 3,0)"),0.0) -> 0 | AW62: =AV62 + (AT62*(7-N62)/6)*AU62 -> 1.5 | AX62: =AR62+(AW62*1.5) -> 11.25 | AY62: =IFERROR(__xludf.DUMMYFUNCTION("if(regexmatch(G62,""Mage|War Machine""),true,false)"),FALSE) -> FALSE
A63: 02_1_6 | B63: Peltlings | C63: =concatenate(E63," ",B63) -> Ratkin Peltlings | D63: TRUE | E63: Ratkin | F63: Rats | G63: Chaff | H63: - | I63: 1 | J63: 1 | L63: 9 | M63: 1 | N63: 6 | O63: 5 | P63: 1 | Q63: 1 | R63: - | S63: <b>Cowards</b> - Always loses combat <b>Chaff</b> - Subtract 1 from leadership rolls. 6s still auto-succeed. | T63: 2 | AD63: 1 | AE63: #000000 | AF63: #cc0000 | AG63: #2b9800 | AH63: #000000 | AI63: #000000 | AJ63: #cc0000 | AK63: {=INDEX(Factions!C:C, MATCH(E63, Factions!B:B, 0))} -> #ffb380 | AL63: {=INDEX(Factions!D:D, MATCH(E63, Factions!B:B, 0))} -> #733d00 | AM63: {=INDEX(Factions!E:E, MATCH(E63, Factions!B:B, 0))} -> #000000 | AN63: {=INDEX(Factions!F:F, MATCH(E63, Factions!B:B, 0))} -> #ffffff | AO63: {=concat(INDEX(Factions!G:G, MATCH(E63, Factions!B:B, 0)),".png")} -> rats.png | AP63: =IFERROR(__xludf.DUMMYFUNCTION("MIN(FILTER(M63:M1098, F63:F1098=F63))"),1.0) -> 1 | AQ63: =Q63*L63 -> 9 | AR63: =IFERROR(__xludf.DUMMYFUNCTION("IF(and(REGEXMATCH(S63,""Vengence""),not(REGEXMATCH(S63, ""Protective Markings""))),AQ63,AQ63 * 6 / iferror(R63-1,6))"),9.0) -> 9 | AS63: =0 + if(P63="2d6",7,if(P63="d6",3.5,if(P63="d3",1.5,if(P63="2x2",4,if(P63="2x3",6,P63))))) -> 1 | AT63: =AS63*L63 -> 9 | AU63: =IFERROR(__xludf.DUMMYFUNCTION("IF(REGEXMATCH(S63,""<b>Poison</b>""),1+((1/(7-N63))/3),1)"),1.0) -> 1 | AV63: =IFERROR(__xludf.DUMMYFUNCTION("IF(REGEXMATCH(S63,""Vengence""),(7 - R63) / 3,0)"),0.0) -> 0 | AW63: =AV63 + (AT63*(7-N63)/6)*AU63 -> 1.5 | AX63: =AR63+(AW63*1.5) -> 11.25 | AY63: =IFERROR(__xludf.DUMMYFUNCTION("if(regexmatch(G63,""Mage|War Machine""),true,false)"),FALSE) -> FALSE
A64: 02_1_3 | B64: Pelters | C64: =concatenate(E64," ",B64) -> Ratkin Pelters | D64: TRUE | E64: Ratkin | F64: Rats | G64: Archers | H64: - | I64: 1 | J64: 2 | L64: 9 | M64: 1 | N64: 5 | O64: 5 | P64: 1 | Q64: 1 | R64: - | S64: <b>Chaff</b> - Subtract 1 from leadership rolls. 6s still auto-succeed. | T64: 3.5 | AD64: 1 | AE64: #000000 | AF64: #cc0000 | AG64: #2b9800 | AH64: #000000 | AI64: #000000 | AJ64: #cc0000 | AK64: {=INDEX(Factions!C:C, MATCH(E64, Factions!B:B, 0))} -> #ffb380 | AL64: {=INDEX(Factions!D:D, MATCH(E64, Factions!B:B, 0))} -> #733d00 | AM64: {=INDEX(Factions!E:E, MATCH(E64, Factions!B:B, 0))} -> #000000 | AN64: {=INDEX(Factions!F:F, MATCH(E64, Factions!B:B, 0))} -> #ffffff | AO64: {=concat(INDEX(Factions!G:G, MATCH(E64, Factions!B:B, 0)),".png")} -> rats.png | AP64: =IFERROR(__xludf.DUMMYFUNCTION("MIN(FILTER(M64:M1098, F64:F1098=F64))"),1.0) -> 1 | AQ64: =Q64*L64 -> 9 | AR64: =IFERROR(__xludf.DUMMYFUNCTION("IF(and(REGEXMATCH(S64,""Vengence""),not(REGEXMATCH(S64, ""Protective Markings""))),AQ64,AQ64 * 6 / iferror(R64-1,6))"),9.0) -> 9 | AS64: =0 + if(P64="2d6",7,if(P64="d6",3.5,if(P64="d3",1.5,if(P64="2x2",4,if(P64="2x3",6,P64))))) -> 1 | AT64: =AS64*L64 -> 9 | AU64: =IFERROR(__xludf.DUMMYFUNCTION("IF(REGEXMATCH(S64,""<b>Poison</b>""),1+((1/(7-N64))/3),1)"),1.0) -> 1 | AV64: =IFERROR(__xludf.DUMMYFUNCTION("IF(REGEXMATCH(S64,""Vengence""),(7 - R64) / 3,0)"),0.0) -> 0 | AW64: =AV64 + (AT64*(7-N64)/6)*AU64 -> 3 | AX64: =AR64+(AW64*1.5) -> 13.5 | AY64: =IFERROR(__xludf.DUMMYFUNCTION("if(regexmatch(G64,""Mage|War Machine""),true,false)"),FALSE) -> FALSE
A65: 02_1_1 | B65: Warriors | C65: =concatenate(E65," ",B65) -> Ratkin Warriors | D65: TRUE | E65: Ratkin | F65: Rats | G65: Warriors | H65: - | I65: 1 | J65: 2 | L65: 9 | M65: 1 | N65: 5 | O65: 6 | P65: 1 | Q65: 1 | R65: 6 | S65: <b>Chaff</b> - Subtract 1 from leadership rolls. 6s still auto-succeed. | T65: 4 | Y65: 1 | Z65: 1 | AA65: 1 | AB65: 1 | AC65: 1 | AD65: 1 | AE65: #000000 | AF65: #cc0000 | AG65: #000000 | AH65: #000000 | AI65: #000000 | AJ65: #cc0000 | AK65: {=INDEX(Factions!C:C, MATCH(E65, Factions!B:B, 0))} -> #ffb380 | AL65: {=INDEX(Factions!D:D, MATCH(E65, Factions!B:B, 0))} -> #733d00 | AM65: {=INDEX(Factions!E:E, MATCH(E65, Factions!B:B, 0))} -> #000000 | AN65: {=INDEX(Factions!F:F, MATCH(E65, Factions!B:B, 0))} -> #ffffff | AO65: {=concat(INDEX(Factions!G:G, MATCH(E65, Factions!B:B, 0)),".png")} -> rats.png | AP65: =IFERROR(__xludf.DUMMYFUNCTION("MIN(FILTER(M65:M1098, F65:F1098=F65))"),1.0) -> 1 | AQ65: =Q65*L65 -> 9 | AR65: =IFERROR(__xludf.DUMMYFUNCTION("IF(and(REGEXMATCH(S65,""Vengence""),not(REGEXMATCH(S65, ""Protective Markings""))),AQ65,AQ65 * 6 / iferror(R65-1,6))"),10.8) -> 10.8 | AS65: =0 + if(P65="2d6",7,if(P65="d6",3.5,if(P65="d3",1.5,if(P65="2x2",4,if(P65="2x3",6,P65))))) -> 1 | AT65: =AS65*L65 -> 9 | AU65: =IFERROR(__xludf.DUMMYFUNCTION("IF(REGEXMATCH(S65,""<b>Poison</b>""),1+((1/(7-N65))/3),1)"),1.0) -> 1 | AV65: =IFERROR(__xludf.DUMMYFUNCTION("IF(REGEXMATCH(S65,""Vengence""),(7 - R65) / 3,0)"),0.0) -> 0 | AW65: =AV65 + (AT65*(7-N65)/6)*AU65 -> 3 | AX65: =AR65+(AW65*1.5) -> 15.3 | AY65: =IFERROR(__xludf.DUMMYFUNCTION("if(regexmatch(G65,""Mage|War Machine""),true,false)"),FALSE) -> FALSE
A66: 02_1_5 | B66: Assasslings | C66: =concatenate(E66," ",B66) -> Ratkin Assasslings | D66: TRUE | E66: Ratkin | F66: Rats | G66: Infantry | H66: - | I66: 1 | J66: 3 | L66: 9 | M66: 1 | N66: 5 | O66: 6 | P66: 1 | Q66: 1 | R66: - | S66: <b>Chaff</b> - Subtract 1 from leadership rolls. 6s still auto-succeed. <b>Poison</b> - 6s to hit can't be saved | T66: 5 | Y66: 1 | AD66: 1 | AE66: #000000 | AF66: #cc0000 | AG66: #000000 | AH66: #000000 | AI66: #000000 | AJ66: #cc0000 | AK66: {=INDEX(Factions!C:C, MATCH(E66, Factions!B:B, 0))} -> #ffb380 | AL66: {=INDEX(Factions!D:D, MATCH(E66, Factions!B:B, 0))} -> #733d00 | AM66: {=INDEX(Factions!E:E, MATCH(E66, Factions!B:B, 0))} -> #000000 | AN66: {=INDEX(Factions!F:F, MATCH(E66, Factions!B:B, 0))} -> #ffffff | AO66: {=concat(INDEX(Factions!G:G, MATCH(E66, Factions!B:B, 0)),".png")} -> rats.png | AP66: =IFERROR(__xludf.DUMMYFUNCTION("MIN(FILTER(M66:M1098, F66:F1098=F66))"),1.0) -> 1 | AQ66: =Q66*L66 -> 9 | AR66: =IFERROR(__xludf.DUMMYFUNCTION("IF(and(REGEXMATCH(S66,""Vengence""),not(REGEXMATCH(S66, ""Protective Markings""))),AQ66,AQ66 * 6 / iferror(R66-1,6))"),9.0) -> 9 | AS66: =0 + if(P66="2d6",7,if(P66="d6",3.5,if(P66="d3",1.5,if(P66="2x2",4,if(P66="2x3",6,P66))))) -> 1 | AT66: =AS66*L66 -> 9 | AU66: =IFERROR(__xludf.DUMMYFUNCTION("IF(REGEXMATCH(S66,""<b>Poison</b>""),1+((1/(7-N66))/3),1)"),1.1666666666666667) -> 1.1666667 | AV66: =IFERROR(__xludf.DUMMYFUNCTION("IF(REGEXMATCH(S66,""Vengence""),(7 - R66) / 3,0)"),0.0) -> 0 | AW66: =AV66 + (AT66*(7-N66)/6)*AU66 -> 3.5 | AX66: =AR66+(AW66*1.5) -> 14.25 | AY66: =IFERROR(__xludf.DUMMYFUNCTION("if(regexmatch(G66,""Mage|War Machine""),true,false)"),FALSE) -> FALSE
A67: 02_1_2 | B67: Skitterers | C67: =concatenate(E67," ",B67) -> Ratkin Skitterers | D67: TRUE | E67: Ratkin | F67: Rats | G67: Fast Infantry | H67: - | I67: 1 | J67: 3 | L67: 9 | M67: 2 | N67: 5 | O67: 5 | P67: 1 | Q67: 1 | R67: 6 | S67: <b>Chaff</b> - Subtract 1 from leadership rolls. 6s still auto-succeed. <b>Manoeuvrable</b> - May turn once at any point during a walk or hustle | T67: 4 | Y67: 1 | Z67: 1 | AA67: 1 | AB67: 1 | AD67: 1 | AE67: #2b9800 | AF67: #cc0000 | AG67: #2b9800 | AH67: #000000 | AI67: #000000 | AJ67: #cc0000 | AK67: {=INDEX(Factions!C:C, MATCH(E67, Factions!B:B, 0))} -> #ffb380 | AL67: {=INDEX(Factions!D:D, MATCH(E67, Factions!B:B, 0))} -> #733d00 | AM67: {=INDEX(Factions!E:E, MATCH(E67, Factions!B:B, 0))} -> #000000 | AN67: {=INDEX(Factions!F:F, MATCH(E67, Factions!B:B, 0))} -> #ffffff | AO67: {=concat(INDEX(Factions!G:G, MATCH(E67, Factions!B:B, 0)),".png")} -> rats.png | AP67: =IFERROR(__xludf.DUMMYFUNCTION("MIN(FILTER(M67:M1098, F67:F1098=F67))"),2.0) -> 2 | AQ67: =Q67*L67 -> 9 | AR67: =IFERROR(__xludf.DUMMYFUNCTION("IF(and(REGEXMATCH(S67,""Vengence""),not(REGEXMATCH(S67, ""Protective Markings""))),AQ67,AQ67 * 6 / iferror(R67-1,6))"),10.8) -> 10.8 | AS67: =0 + if(P67="2d6",7,if(P67="d6",3.5,if(P67="d3",1.5,if(P67="2x2",4,if(P67="2x3",6,P67))))) -> 1 | AT67: =AS67*L67 -> 9 | AU67: =IFERROR(__xludf.DUMMYFUNCTION("IF(REGEXMATCH(S67,""<b>Poison</b>""),1+((1/(7-N67))/3),1)"),1.0) -> 1 | AV67: =IFERROR(__xludf.DUMMYFUNCTION("IF(REGEXMATCH(S67,""Vengence""),(7 - R67) / 3,0)"),0.0) -> 0 | AW67: =AV67 + (AT67*(7-N67)/6)*AU67 -> 3 | AX67: =AR67+(AW67*1.5) -> 15.3 | AY67: =IFERROR(__xludf.DUMMYFUNCTION("if(regexmatch(G67,""Mage|War Machine""),true,false)"),FALSE) -> FALSE
A68: 02_2A_1 | B68: Ninjas | C68: =concatenate(E68," ",B68) -> Ratkin Ninjas | D68: TRUE | E68: Ratkin | F68: Elites | G68: Fast Infantry | H68: - | I68: 2 | L68: 9 | M68: 2 | N68: 4 | O68: 5 | P68: 1 | Q68: 1 | R68: - | S68: <b>Elusive 1</b> - All to-hit rolls targetting this unit suffer a -1 penalty. <b>Smoke Bombs</b> - Once per game before combat, move this unit forward 2. This can go through any unit but must end in an unoccupied space. This can bring the unit into a new combat. <b>Unprotected</b> - Reveal this unit when an attack hits it, rather than using the default block. | T68: 6 | AB68: 2 | AD68: 2 | AE68: #2b9800 | AF68: #000000 | AG68: #000000 | AH68: #000000 | AI68: #000000 | AJ68: #cc0000 | AK68: {=INDEX(Factions!C:C, MATCH(E68, Factions!B:B, 0))} -> #ffb380 | AL68: {=INDEX(Factions!D:D, MATCH(E68, Factions!B:B, 0))} -> #733d00 | AM68: {=INDEX(Factions!E:E, MATCH(E68, Factions!B:B, 0))} -> #000000 | AN68: {=INDEX(Factions!F:F, MATCH(E68, Factions!B:B, 0))} -> #ffffff | AO68: {=concat(INDEX(Factions!G:G, MATCH(E68, Factions!B:B, 0)),".png")} -> rats.png | AP68: =IFERROR(__xludf.DUMMYFUNCTION("MIN(FILTER(M68:M1098, F68:F1098=F68))"),1.0) -> 1 | AQ68: =Q68*L68 -> 9 | AR68: =IFERROR(__xludf.DUMMYFUNCTION("IF(and(REGEXMATCH(S68,""Vengence""),not(REGEXMATCH(S68, ""Protective Markings""))),AQ68,AQ68 * 6 / iferror(R68-1,6))"),9.0) -> 9 | AS68: =0 + if(P68="2d6",7,if(P68="d6",3.5,if(P68="d3",1.5,if(P68="2x2",4,if(P68="2x3",6,P68))))) -> 1 | AT68: =AS68*L68 -> 9 | AU68: =IFERROR(__xludf.DUMMYFUNCTION("IF(REGEXMATCH(S68,""<b>Poison</b>""),1+((1/(7-N68))/3),1)"),1.0) -> 1 | AV68: =IFERROR(__xludf.DUMMYFUNCTION("IF(REGEXMATCH(S68,""Vengence""),(7 - R68) / 3,0)"),0.0) -> 0 | AW68: =AV68 + (AT68*(7-N68)/6)*AU68 -> 4.5 | AX68: =AR68+(AW68*1.5) -> 15.75 | AY68: =IFERROR(__xludf.DUMMYFUNCTION("if(regexmatch(G68,""Mage|War Machine""),true,false)"),FALSE) -> FALSE
A69: 02_2A_2 | B69: Heavies | C69: =concatenate(E69," ",B69) -> Ratkin Heavies | D69: TRUE | E69: Ratkin | F69: Elites | G69: Heavy Infantry | H69: 6 | I69: 2 | L69: 9 | M69: 1 | N69: 5 | O69: 6 | P69: 1 | Q69: 1 | R69: 4 | S69: <b>Stalwart</b> - Add 1 to leadership rolls | T69: 7 | Y69: 2 | Z69: 2 | AA69: 2 | AB69: 2 | AC69: 2 | AD69: 1 | AE69: #000000 | AF69: #cc0000 | AG69: #000000 | AH69: #000000 | AI69: #000000 | AJ69: #2b9800 | AK69: {=INDEX(Factions!C:C, MATCH(E69, Factions!B:B, 0))} -> #ffb380 | AL69: {=INDEX(Factions!D:D, MATCH(E69, Factions!B:B, 0))} -> #733d00 | AM69: {=INDEX(Factions!E:E, MATCH(E69, Factions!B:B, 0))} -> #000000 | AN69: {=INDEX(Factions!F:F, MATCH(E69, Factions!B:B, 0))} -> #ffffff | AO69: {=concat(INDEX(Factions!G:G, MATCH(E69, Factions!B:B, 0)),".png")} -> rats.png | AP69: =IFERROR(__xludf.DUMMYFUNCTION("MIN(FILTER(M69:M1098, F69:F1098=F69))"),1.0) -> 1 | AQ69: =Q69*L69 -> 9 | AR69: =IFERROR(__xludf.DUMMYFUNCTION("IF(and(REGEXMATCH(S69,""Vengence""),not(REGEXMATCH(S69, ""Protective Markings""))),AQ69,AQ69 * 6 / iferror(R69-1,6))"),18.0) -> 18 | AS69: =0 + if(P69="2d6",7,if(P69="d6",3.5,if(P69="d3",1.5,if(P69="2x2",4,if(P69="2x3",6,P69))))) -> 1 | AT69: =AS69*L69 -> 9 | AU69: =IFERROR(__xludf.DUMMYFUNCTION("IF(REGEXMATCH(S69,""<b>Poison</b>""),1+((1/(7-N69))/3),1)"),1.0) -> 1 | AV69: =IFERROR(__xludf.DUMMYFUNCTION("IF(REGEXMATCH(S69,""Vengence""),(7 - R69) / 3,0)"),0.0) -> 0 | AW69: =AV69 + (AT69*(7-N69)/6)*AU69 -> 3 | AX69: =AR69+(AW69*1.5) -> 22.5 | AY69: =IFERROR(__xludf.DUMMYFUNCTION("if(regexmatch(G69,""Mage|War Machine""),true,false)"),FALSE) -> FALSE
A70: 02_2C_3 | B70: Thiefwagon | C70: =concatenate(E70," ",B70) -> Ratkin Thiefwagon | D70: TRUE | E70: Ratkin | F70: Ratwagons | G70: Chariot | H70: 6 | I70: 2 | L70: 1 | M70: 2 | N70: 5 | O70: 5 | P70: 6 | Q70: 5 | R70: 5 | S70: <b>Thieves</b> - At the start of combat, if this unit is in the flank or rear of an enemy unit, steal an equipment card from it and equip this unit. <b>Manoeuvrable</b> - May turn once at any point during a walk or hustle <b>Chariot</b> - Can't sidestep | T70: 4 | AE70: #2b9800 | AF70: #cc0000 | AG70: #000000 | AH70: #2b9800 | AI70: #2b9800 | AJ70: #000000 | AK70: {=INDEX(Factions!C:C, MATCH(E70, Factions!B:B, 0))} -> #ffb380 | AL70: {=INDEX(Factions!D:D, MATCH(E70, Factions!B:B, 0))} -> #733d00 | AM70: {=INDEX(Factions!E:E, MATCH(E70, Factions!B:B, 0))} -> #000000 | AN70: {=INDEX(Factions!F:F, MATCH(E70, Factions!B:B, 0))} -> #ffffff | AO70: {=concat(INDEX(Factions!G:G, MATCH(E70, Factions!B:B, 0)),".png")} -> rats.png | AP70: =IFERROR(__xludf.DUMMYFUNCTION("MIN(FILTER(M70:M1098, F70:F1098=F70))"),2.0) -> 2 | AQ70: =Q70*L70 -> 5 | AR70: =IFERROR(__xludf.DUMMYFUNCTION("IF(and(REGEXMATCH(S70,""Vengence""),not(REGEXMATCH(S70, ""Protective Markings""))),AQ70,AQ70 * 6 / iferror(R70-1,6))"),7.5) -> 7.5 | AS70: =0 + if(P70="2d6",7,if(P70="d6",3.5,if(P70="d3",1.5,if(P70="2x2",4,if(P70="2x3",6,P70))))) -> 6 | AT70: =AS70*L70 -> 6 | AU70: =IFERROR(__xludf.DUMMYFUNCTION("IF(REGEXMATCH(S70,""<b>Poison</b>""),1+((1/(7-N70))/3),1)"),1.0) -> 1 | AV70: =IFERROR(__xludf.DUMMYFUNCTION("IF(REGEXMATCH(S70,""Vengence""),(7 - R70) / 3,0)"),0.0) -> 0 | AW70: =AV70 + (AT70*(7-N70)/6)*AU70 -> 2 | AX70: =AR70+(AW70*1.5) -> 10.5 | AY70: =IFERROR(__xludf.DUMMYFUNCTION("if(regexmatch(G70,""Mage|War Machine""),true,false)"),FALSE) -> FALSE
A71: 02_2C_2 | B71: Battering-Rat | C71: =concatenate(E71," ",B71) -> Ratkin Battering-Rat | D71: TRUE | E71: Ratkin | F71: Ratwagons | G71: Chariot | H71: 6 | I71: 2 | L71: 1 | M71: 2 | N71: 5 | O71: - | P71: 6 | Q71: 4 | R71: 5 | S71: <b>Impact Hits d6+1</b> - If you get a charge bonus, do d6+1 attacks hitting on a 4+. These count towards who won combat. <b>Push</b> - If you move into an opponent without using your whole movement allowance, you can push them back. Move them back one and move into their original square. This can't push opponents off the board or into occupied squares. This counts for charge distance. <b>Chariot</b> - Can't sidestep | T71: 3 | AE71: #2b9800 | AF71: #cc0000 | AG71: #000000 | AH71: #2b9800 | AI71: #000000 | AJ71: #000000 | AK71: {=INDEX(Factions!C:C, MATCH(E71, Factions!B:B, 0))} -> #ffb380 | AL71: {=INDEX(Factions!D:D, MATCH(E71, Factions!B:B, 0))} -> #733d00 | AM71: {=INDEX(Factions!E:E, MATCH(E71, Factions!B:B, 0))} -> #000000 | AN71: {=INDEX(Factions!F:F, MATCH(E71, Factions!B:B, 0))} -> #ffffff | AO71: {=concat(INDEX(Factions!G:G, MATCH(E71, Factions!B:B, 0)),".png")} -> rats.png | AP71: =IFERROR(__xludf.DUMMYFUNCTION("MIN(FILTER(M71:M1098, F71:F1098=F71))"),2.0) -> 2 | AQ71: =Q71*L71 -> 4 | AR71: =IFERROR(__xludf.DUMMYFUNCTION("IF(and(REGEXMATCH(S71,""Vengence""),not(REGEXMATCH(S71, ""Protective Markings""))),AQ71,AQ71 * 6 / iferror(R71-1,6))"),6.0) -> 6 | AS71: =0 + if(P71="2d6",7,if(P71="d6",3.5,if(P71="d3",1.5,if(P71="2x2",4,if(P71="2x3",6,P71))))) -> 6 | AT71: =AS71*L71 -> 6 | AU71: =IFERROR(__xludf.DUMMYFUNCTION("IF(REGEXMATCH(S71,""<b>Poison</b>""),1+((1/(7-N71))/3),1)"),1.0) -> 1 | AV71: =IFERROR(__xludf.DUMMYFUNCTION("IF(REGEXMATCH(S71,""Vengence""),(7 - R71) / 3,0)"),0.0) -> 0 | AW71: =AV71 + (AT71*(7-N71)/6)*AU71 -> 2 | AX71: =AR71+(AW71*1.5) -> 9 | AY71: =IFERROR(__xludf.DUMMYFUNCTION("if(regexmatch(G71,""Mage|War Machine""),true,false)"),FALSE) -> FALSE
A72: 02_2B_1 | B72: Fearaltar | C72: =concatenate(E72," ",B72) -> Ratkin Fearaltar | D72: TRUE | E72: Ratkin | F72: Rataltar | G72: Support Mage | H72: 5 | I72: 2 | L72: 1 | M72: 1 | N72: 4 | O72: - | P72: 5 | Q72: 3 | R72: 5 | S72: <b>Sacrifice</b> - Action: Target friendly common unit takes a wound. It may then take an action. | T72: 0 | W72: 2 | AB72: 2 | AE72: #000000 | AF72: #000000 | AG72: #000000 | AH72: #2b9800 | AI72: #000000 | AJ72: #000000 | AK72: {=INDEX(Factions!C:C, MATCH(E72, Factions!B:B, 0))} -> #ffb380 | AL72: {=INDEX(Factions!D:D, MATCH(E72, Factions!B:B, 0))} -> #733d00 | AM72: {=INDEX(Factions!E:E, MATCH(E72, Factions!B:B, 0))} -> #000000 | AN72: {=INDEX(Factions!F:F, MATCH(E72, Factions!B:B, 0))} -> #ffffff | AO72: {=concat(INDEX(Factions!G:G, MATCH(E72, Factions!B:B, 0)),".png")} -> rats.png | AP72: =IFERROR(__xludf.DUMMYFUNCTION("MIN(FILTER(M72:M1098, F72:F1098=F72))"),1.0) -> 1 | AQ72: =Q72*L72 -> 3 | AR72: =IFERROR(__xludf.DUMMYFUNCTION("IF(and(REGEXMATCH(S72,""Vengence""),not(REGEXMATCH(S72, ""Protective Markings""))),AQ72,AQ72 * 6 / iferror(R72-1,6))"),4.5) -> 4.5 | AS72: =0 + if(P72="2d6",7,if(P72="d6",3.5,if(P72="d3",1.5,if(P72="2x2",4,if(P72="2x3",6,P72))))) -> 5 | AT72: =AS72*L72 -> 5 | AU72: =IFERROR(__xludf.DUMMYFUNCTION("IF(REGEXMATCH(S72,""<b>Poison</b>""),1+((1/(7-N72))/3),1)"),1.0) -> 1 | AV72: =IFERROR(__xludf.DUMMYFUNCTION("IF(REGEXMATCH(S72,""Vengence""),(7 - R72) / 3,0)"),0.0) -> 0 | AW72: =AV72 + (AT72*(7-N72)/6)*AU72 -> 2.5 | AX72: =AR72+(AW72*1.5) -> 8.25 | AY72: =IFERROR(__xludf.DUMMYFUNCTION("if(regexmatch(G72,""Mage|War Machine""),true,false)"),TRUE) -> TRUE
A73: 02_2B_2 | B73: Swarmaltar | C73: =concatenate(E73," ",B73) -> Ratkin Swarmaltar | D73: TRUE | E73: Ratkin | F73: Rataltar | G73: Support Mage | H73: 5 | I73: 2 | L73: 1 | M73: 1 | N73: 5 | O73: - | P73: 4 | Q73: 3 | R73: 5 | S73: <b>Call the Swarm</b> - Free action: Revive d6 rats in a common unit. Limited to the starting number of rats. | T73: 0 | W73: 2 | AB73: 2 | AE73: #000000 | AF73: #000000 | AG73: #000000 | AH73: #000000 | AI73: #000000 | AJ73: #000000 | AK73: {=INDEX(Factions!C:C, MATCH(E73, Factions!B:B, 0))} -> #ffb380 | AL73: {=INDEX(Factions!D:D, MATCH(E73, Factions!B:B, 0))} -> #733d00 | AM73: {=INDEX(Factions!E:E, MATCH(E73, Factions!B:B, 0))} -> #000000 | AN73: {=INDEX(Factions!F:F, MATCH(E73, Factions!B:B, 0))} -> #ffffff | AO73: {=concat(INDEX(Factions!G:G, MATCH(E73, Factions!B:B, 0)),".png")} -> rats.png | AP73: =IFERROR(__xludf.DUMMYFUNCTION("MIN(FILTER(M73:M1098, F73:F1098=F73))"),1.0) -> 1 | AQ73: =Q73*L73 -> 3 | AR73: =IFERROR(__xludf.DUMMYFUNCTION("IF(and(REGEXMATCH(S73,""Vengence""),not(REGEXMATCH(S73, ""Protective Markings""))),AQ73,AQ73 * 6 / iferror(R73-1,6))"),4.5) -> 4.5 | AS73: =0 + if(P73="2d6",7,if(P73="d6",3.5,if(P73="d3",1.5,if(P73="2x2",4,if(P73="2x3",6,P73))))) -> 4 | AT73: =AS73*L73 -> 4 | AU73: =IFERROR(__xludf.DUMMYFUNCTION("IF(REGEXMATCH(S73,""<b>Poison</b>""),1+((1/(7-N73))/3),1)"),1.0) -> 1 | AV73: =IFERROR(__xludf.DUMMYFUNCTION("IF(REGEXMATCH(S73,""Vengence""),(7 - R73) / 3,0)"),0.0) -> 0 | AW73: =AV73 + (AT73*(7-N73)/6)*AU73 -> 1.3333333 | AX73: =AR73+(AW73*1.5) -> 6.5 | AY73: =IFERROR(__xludf.DUMMYFUNCTION("if(regexmatch(G73,""Mage|War Machine""),true,false)"),TRUE) -> TRUE
A74: 02_2B_3 | B74: Feastaltar | C74: =concatenate(E74," ",B74) -> Ratkin Feastaltar | D74: TRUE | E74: Ratkin | F74: Rataltar | G74: Support Mage | H74: 5 | I74: 2 | L74: 1 | M74: 1 | N74: 5 | O74: - | P74: 5 | Q74: 3 | R74: 5 | S74: <b>Aura of Power</b> - Adjacent rats gain +1 to hit in melee | T74: 0 | W74: 2 | AB74: 2 | AE74: #000000 | AF74: #000000 | AG74: #000000 | AH74: #2b9800 | AI74: #000000 | AJ74: #000000 | AK74: {=INDEX(Factions!C:C, MATCH(E74, Factions!B:B, 0))} -> #ffb380 | AL74: {=INDEX(Factions!D:D, MATCH(E74, Factions!B:B, 0))} -> #733d00 | AM74: {=INDEX(Factions!E:E, MATCH(E74, Factions!B:B, 0))} -> #000000 | AN74: {=INDEX(Factions!F:F, MATCH(E74, Factions!B:B, 0))} -> #ffffff | AO74: {=concat(INDEX(Factions!G:G, MATCH(E74, Factions!B:B, 0)),".png")} -> rats.png | AP74: =IFERROR(__xludf.DUMMYFUNCTION("MIN(FILTER(M74:M1098, F74:F1098=F74))"),1.0) -> 1 | AQ74: =Q74*L74 -> 3 | AR74: =IFERROR(__xludf.DUMMYFUNCTION("IF(and(REGEXMATCH(S74,""Vengence""),not(REGEXMATCH(S74, ""Protective Markings""))),AQ74,AQ74 * 6 / iferror(R74-1,6))"),4.5) -> 4.5 | AS74: =0 + if(P74="2d6",7,if(P74="d6",3.5,if(P74="d3",1.5,if(P74="2x2",4,if(P74="2x3",6,P74))))) -> 5 | AT74: =AS74*L74 -> 5 | AU74: =IFERROR(__xludf.DUMMYFUNCTION("IF(REGEXMATCH(S74,""<b>Poison</b>""),1+((1/(7-N74))/3),1)"),1.0) -> 1 | AV74: =IFERROR(__xludf.DUMMYFUNCTION("IF(REGEXMATCH(S74,""Vengence""),(7 - R74) / 3,0)"),0.0) -> 0 | AW74: =AV74 + (AT74*(7-N74)/6)*AU74 -> 1.6666667 | AX74: =AR74+(AW74*1.5) -> 7 | AY74: =IFERROR(__xludf.DUMMYFUNCTION("if(regexmatch(G74,""Mage|War Machine""),true,false)"),TRUE) -> TRUE
A75: 02_2C_1 | B75: Chumpwagon | C75: =concatenate(E75," ",B75) -> Ratkin Chumpwagon | D75: TRUE | E75: Ratkin | F75: Ratwagons | G75: Unique | H75: 6 | I75: 2 | L75: 1 | M75: 2 | N75: 5 | O75: - | P75: 6 | Q75: 4 | R75: 6 | S75: <b>Trojan Rats</b> - When this unit is wiped out, place a unit of Ratkin Warriors either in the same cell, or one of the four adjacent cells. You choose which direction they are facing. | T75: 0 | Y75: 2 | Z75: 2 | AA75: 2 | AB75: 2 | AE75: #2b9800 | AF75: #cc0000 | AG75: #000000 | AH75: #2b9800 | AI75: #000000 | AJ75: #cc0000 | AK75: {=INDEX(Factions!C:C, MATCH(E75, Factions!B:B, 0))} -> #ffb380 | AL75: {=INDEX(Factions!D:D, MATCH(E75, Factions!B:B, 0))} -> #733d00 | AM75: {=INDEX(Factions!E:E, MATCH(E75, Factions!B:B, 0))} -> #000000 | AN75: {=INDEX(Factions!F:F, MATCH(E75, Factions!B:B, 0))} -> #ffffff | AO75: {=concat(INDEX(Factions!G:G, MATCH(E75, Factions!B:B, 0)),".png")} -> rats.png | AP75: =IFERROR(__xludf.DUMMYFUNCTION("MIN(FILTER(M75:M1098, F75:F1098=F75))"),2.0) -> 2 | AQ75: =Q75*L75 -> 4 | AR75: =IFERROR(__xludf.DUMMYFUNCTION("IF(and(REGEXMATCH(S75,""Vengence""),not(REGEXMATCH(S75, ""Protective Markings""))),AQ75,AQ75 * 6 / iferror(R75-1,6))"),4.8) -> 4.8 | AS75: =0 + if(P75="2d6",7,if(P75="d6",3.5,if(P75="d3",1.5,if(P75="2x2",4,if(P75="2x3",6,P75))))) -> 6 | AT75: =AS75*L75 -> 6 | AU75: =IFERROR(__xludf.DUMMYFUNCTION("IF(REGEXMATCH(S75,""<b>Poison</b>""),1+((1/(7-N75))/3),1)"),1.0) -> 1 | AV75: =IFERROR(__xludf.DUMMYFUNCTION("IF(REGEXMATCH(S75,""Vengence""),(7 - R75) / 3,0)"),0.0) -> 0 | AW75: =AV75 + (AT75*(7-N75)/6)*AU75 -> 2 | AX75: =AR75+(AW75*1.5) -> 7.8 | AY75: =IFERROR(__xludf.DUMMYFUNCTION("if(regexmatch(G75,""Mage|War Machine""),true,false)"),FALSE) -> FALSE
A76: 02_2A_3 | B76: Throatnicks | C76: =concatenate(E76," ",B76) -> Ratkin Throatnicks | D76: TRUE | E76: Ratkin | F76: Elites | G76: Attack Infantry | H76: 6 | I76: 2 | L76: 9 | M76: 1 | N76: 4 | O76: 5 | P76: 1 | Q76: 1 | R76: 6 | S76: <b>Poison</b> - 6s to hit can't be saved <b>Lethal</b> - 6s to hit do two wounds to a model | T76: 7 | Y76: 1 | Z76: 2 | AB76: 2 | AD76: 2 | AE76: #000000 | AF76: #000000 | AG76: #2b9800 | AH76: #000000 | AI76: #000000 | AJ76: #cc0000 | AK76: {=INDEX(Factions!C:C, MATCH(E76, Factions!B:B, 0))} -> #ffb380 | AL76: {=INDEX(Factions!D:D, MATCH(E76, Factions!B:B, 0))} -> #733d00 | AM76: {=INDEX(Factions!E:E, MATCH(E76, Factions!B:B, 0))} -> #000000 | AN76: {=INDEX(Factions!F:F, MATCH(E76, Factions!B:B, 0))} -> #ffffff | AO76: {=concat(INDEX(Factions!G:G, MATCH(E76, Factions!B:B, 0)),".png")} -> rats.png | AP76: =IFERROR(__xludf.DUMMYFUNCTION("MIN(FILTER(M76:M1098, F76:F1098=F76))"),1.0) -> 1 | AQ76: =Q76*L76 -> 9 | AR76: =IFERROR(__xludf.DUMMYFUNCTION("IF(and(REGEXMATCH(S76,""Vengence""),not(REGEXMATCH(S76, ""Protective Markings""))),AQ76,AQ76 * 6 / iferror(R76-1,6))"),10.8) -> 10.8 | AS76: =0 + if(P76="2d6",7,if(P76="d6",3.5,if(P76="d3",1.5,if(P76="2x2",4,if(P76="2x3",6,P76))))) -> 1 | AT76: =AS76*L76 -> 9 | AU76: =IFERROR(__xludf.DUMMYFUNCTION("IF(REGEXMATCH(S76,""<b>Poison</b>""),1+((1/(7-N76))/3),1)"),1.1111111111111112) -> 1.1111111 | AV76: =IFERROR(__xludf.DUMMYFUNCTION("IF(REGEXMATCH(S76,""Vengence""),(7 - R76) / 3,0)"),0.0) -> 0 | AW76: =AV76 + (AT76*(7-N76)/6)*AU76 -> 5 | AX76: =AR76+(AW76*1.5) -> 18.3 | AY76: =IFERROR(__xludf.DUMMYFUNCTION("if(regexmatch(G76,""Mage|War Machine""),true,false)"),FALSE) -> FALSE
A77: 05_1_1 | B77: Warriors | C77: =concatenate(E77," ",B77) -> Redspines Warriors | D77: TRUE | E77: Redspines | F77: Warband | G77: Warriors | H77: 5 | I77: 1 | J77: 2 | L77: 6 | M77: 1 | N77: 4 | O77: 6 | P77: 1 | Q77: 1 | R77: 5 | S77: <b>Vengence</b> - When this unit blocks in combat, it still takes 1 wound. The unit that attacked takes 1 wound as well. | T77: 4 | Y77: 1 | Z77: 1 | AA77: 1 | AB77: 1 | AC77: 1 | AD77: 1 | AE77: #000000 | AF77: #000000 | AG77: #000000 | AH77: #000000 | AI77: #000000 | AJ77: #000000 | AK77: {=INDEX(Factions!C:C, MATCH(E77, Factions!B:B, 0))} -> #e78e7e | AL77: {=INDEX(Factions!D:D, MATCH(E77, Factions!B:B, 0))} -> #cf0000 | AM77: {=INDEX(Factions!E:E, MATCH(E77, Factions!B:B, 0))} -> #000000 | AN77: {=INDEX(Factions!F:F, MATCH(E77, Factions!B:B, 0))} -> #ffffff | AO77: {=concat(INDEX(Factions!G:G, MATCH(E77, Factions!B:B, 0)),".png")} -> redspines.png | AP77: =IFERROR(__xludf.DUMMYFUNCTION("MIN(FILTER(M77:M1098, F77:F1098=F77))"),1.0) -> 1 | AQ77: =Q77*L77 -> 6 | AR77: =IFERROR(__xludf.DUMMYFUNCTION("IF(and(REGEXMATCH(S77,""Vengence""),not(REGEXMATCH(S77, ""Protective Markings""))),AQ77,AQ77 * 6 / iferror(R77-1,6))"),6.0) -> 6 | AS77: =0 + if(P77="2d6",7,if(P77="d6",3.5,if(P77="d3",1.5,if(P77="2x2",4,if(P77="2x3",6,P77))))) -> 1 | AT77: =AS77*L77 -> 6 | AU77: =IFERROR(__xludf.DUMMYFUNCTION("IF(REGEXMATCH(S77,""<b>Poison</b>""),1+((1/(7-N77))/3),1)"),1.0) -> 1 | AV77: =IFERROR(__xludf.DUMMYFUNCTION("IF(REGEXMATCH(S77,""Vengence""),(7 - R77) / 3,0)"),0.6666666666666666) -> 0.66666667 | AW77: =AV77 + (AT77*(7-N77)/6)*AU77 -> 3.6666667 | AX77: =AR77+(AW77*1.5) -> 11.5 | AY77: =IFERROR(__xludf.DUMMYFUNCTION("if(regexmatch(G77,""Mage|War Machine""),true,false)"),FALSE) -> FALSE
A78: 05_1_2 | B78: Archers | C78: =concatenate(E78," ",B78) -> Redspines Archers | D78: TRUE | E78: Redspines | F78: Warband | G78: Archers | H78: 5 | I78: 1 | J78: 2 | L78: 6 | M78: 1 | N78: 5 | O78: 4 | P78: 1 | Q78: 1 | R78: 5 | S78: <b>Vengence</b> - When this unit blocks in combat, it still takes 1 wound. The unit that attacked takes 1 wound as well. <b>Fragile Spikes</b> - This unit's block only applies in combat. Ranged hits may not be blocked after the unit is revealed. | T78: 3 | AD78: 1 | AE78: #000000 | AF78: #cc0000 | AG78: #2b9800 | AH78: #000000 | AI78: #000000 | AJ78: #000000 | AK78: {=INDEX(Factions!C:C, MATCH(E78, Factions!B:B, 0))} -> #e78e7e | AL78: {=INDEX(Factions!D:D, MATCH(E78, Factions!B:B, 0))} -> #cf0000 | AM78: {=INDEX(Factions!E:E, MATCH(E78, Factions!B:B, 0))} -> #000000 | AN78: {=INDEX(Factions!F:F, MATCH(E78, Factions!B:B, 0))} -> #ffffff | AO78: {=concat(INDEX(Factions!G:G, MATCH(E78, Factions!B:B, 0)),".png")} -> redspines.png | AP78: =IFERROR(__xludf.DUMMYFUNCTION("MIN(FILTER(M78:M1098, F78:F1098=F78))"),1.0) -> 1 | AQ78: =Q78*L78 -> 6 | AR78: =IFERROR(__xludf.DUMMYFUNCTION("IF(and(REGEXMATCH(S78,""Vengence""),not(REGEXMATCH(S78, ""Protective Markings""))),AQ78,AQ78 * 6 / iferror(R78-1,6))"),6.0) -> 6 | AS78: =0 + if(P78="2d6",7,if(P78="d6",3.5,if(P78="d3",1.5,if(P78="2x2",4,if(P78="2x3",6,P78))))) -> 1 | AT78: =AS78*L78 -> 6 | AU78: =IFERROR(__xludf.DUMMYFUNCTION("IF(REGEXMATCH(S78,""<b>Poison</b>""),1+((1/(7-N78))/3),1)"),1.0) -> 1 | AV78: =IFERROR(__xludf.DUMMYFUNCTION("IF(REGEXMATCH(S78,""Vengence""),(7 - R78) / 3,0)"),0.6666666666666666) -> 0.66666667 | AW78: =AV78 + (AT78*(7-N78)/6)*AU78 -> 2.6666667 | AX78: =AR78+(AW78*1.5) -> 10 | AY78: =IFERROR(__xludf.DUMMYFUNCTION("if(regexmatch(G78,""Mage|War Machine""),true,false)"),FALSE) -> FALSE
A79: 05_1_4 | B79: Crowseekers | C79: =concatenate(E79," ",B79) -> Redspines Crowseekers | D79: TRUE | E79: Redspines | F79: Warband | G79: Infantry | H79: 5 | I79: 1 | J79: 2 | L79: 6 | M79: 1 | N79: 5 | O79: - | P79: 1 | Q79: 1 | R79: 5 | S79: <b>Vengence</b> - When this unit blocks in combat, it still takes 1 wound. The unit that attacked takes 1 wound as well. <b>Bloodlust</b> - While this unit has one or more wounds, each model has an extra attack. | T79: 4 | Y79: 1 | Z79: 1 | AA79: 1 | AE79: #000000 | AF79: #cc0000 | AG79: #000000 | AH79: #000000 | AI79: #000000 | AJ79: #000000 | AK79: {=INDEX(Factions!C:C, MATCH(E79, Factions!B:B, 0))} -> #e78e7e | AL79: {=INDEX(Factions!D:D, MATCH(E79, Factions!B:B, 0))} -> #cf0000 | AM79: {=INDEX(Factions!E:E, MATCH(E79, Factions!B:B, 0))} -> #000000 | AN79: {=INDEX(Factions!F:F, MATCH(E79, Factions!B:B, 0))} -> #ffffff | AO79: {=concat(INDEX(Factions!G:G, MATCH(E79, Factions!B:B, 0)),".png")} -> redspines.png | AP79: =IFERROR(__xludf.DUMMYFUNCTION("MIN(FILTER(M79:M1098, F79:F1098=F79))"),1.0) -> 1 | AQ79: =Q79*L79 -> 6 | AR79: =IFERROR(__xludf.DUMMYFUNCTION("IF(and(REGEXMATCH(S79,""Vengence""),not(REGEXMATCH(S79, ""Protective Markings""))),AQ79,AQ79 * 6 / iferror(R79-1,6))"),6.0) -> 6 | AS79: =0 + if(P79="2d6",7,if(P79="d6",3.5,if(P79="d3",1.5,if(P79="2x2",4,if(P79="2x3",6,P79))))) -> 1 | AT79: =AS79*L79 -> 6 | AU79: =IFERROR(__xludf.DUMMYFUNCTION("IF(REGEXMATCH(S79,""<b>Poison</b>""),1+((1/(7-N79))/3),1)"),1.0) -> 1 | AV79: =IFERROR(__xludf.DUMMYFUNCTION("IF(REGEXMATCH(S79,""Vengence""),(7 - R79) / 3,0)"),0.6666666666666666) -> 0.66666667 | AW79: =AV79 + (AT79*(7-N79)/6)*AU79 -> 2.6666667 | AX79: =AR79+(AW79*1.5) -> 10 | AY79: =IFERROR(__xludf.DUMMYFUNCTION("if(regexmatch(G79,""Mage|War Machine""),true,false)"),FALSE) -> FALSE
A80: 05_1_3 | B80: Beserks | C80: =concatenate(E80," ",B80) -> Redspines Beserks | D80: TRUE | E80: Redspines | F80: Warband | G80: Fast Infantry | H80: 5 | I80: 1 | J80: 3 | L80: 6 | M80: d3 | N80: 4 | O80: - | P80: 1 | Q80: 1 | R80: 5 | S80: <b>Vengence</b> - When this unit blocks in combat, it still takes 1 wound. The unit that attacked takes 1 wound as well. <b>Random mover d3</b> - Roll a die for movement each turn. Movement is d3 spaces. <b>Eager to Fight.</b> - You must move the full distance, or collide with something. If the unit moves off the board, it is lost. <b>Manoeuvrable</b> - May turn once at any point during a walk or hustle. | T80: 4 | Z80: 1 | AA80: 1 | AB80: 1 | AE80: #2b9800 | AF80: #000000 | AG80: #000000 | AH80: #000000 | AI80: #000000 | AJ80: #000000 | AK80: {=INDEX(Factions!C:C, MATCH(E80, Factions!B:B, 0))} -> #e78e7e | AL80: {=INDEX(Factions!D:D, MATCH(E80, Factions!B:B, 0))} -> #cf0000 | AM80: {=INDEX(Factions!E:E, MATCH(E80, Factions!B:B, 0))} -> #000000 | AN80: {=INDEX(Factions!F:F, MATCH(E80, Factions!B:B, 0))} -> #ffffff | AO80: {=concat(INDEX(Factions!G:G, MATCH(E80, Factions!B:B, 0)),".png")} -> redspines.png | AP80: =IFERROR(__xludf.DUMMYFUNCTION("MIN(FILTER(M80:M1098, F80:F1098=F80))"),1.0) -> 1 | AQ80: =Q80*L80 -> 6 | AR80: =IFERROR(__xludf.DUMMYFUNCTION("IF(and(REGEXMATCH(S80,""Vengence""),not(REGEXMATCH(S80, ""Protective Markings""))),AQ80,AQ80 * 6 / iferror(R80-1,6))"),6.0) -> 6 | AS80: =0 + if(P80="2d6",7,if(P80="d6",3.5,if(P80="d3",1.5,if(P80="2x2",4,if(P80="2x3",6,P80))))) -> 1 | AT80: =AS80*L80 -> 6 | AU80: =IFERROR(__xludf.DUMMYFUNCTION("IF(REGEXMATCH(S80,""<b>Poison</b>""),1+((1/(7-N80))/3),1)"),1.0) -> 1 | AV80: =IFERROR(__xludf.DUMMYFUNCTION("IF(REGEXMATCH(S80,""Vengence""),(7 - R80) / 3,0)"),0.6666666666666666) -> 0.66666667 | AW80: =AV80 + (AT80*(7-N80)/6)*AU80 -> 3.6666667 | AX80: =AR80+(AW80*1.5) -> 11.5 | AY80: =IFERROR(__xludf.DUMMYFUNCTION("if(regexmatch(G80,""Mage|War Machine""),true,false)"),FALSE) -> FALSE
A81: 05_1_5 | B81: Relentless | C81: =concatenate(E81," ",B81) -> Redspines Relentless | D81: TRUE | E81: Redspines | F81: Warband | G81: Infantry | H81: 5 | I81: 1 | J81: 3 | L81: 6 | M81: 1 | N81: 4 | O81: - | P81: 1 | Q81: 1 | R81: 5 | S81: <b>Vengence</b> - When this unit blocks in combat, it still takes 1 wound. The unit that attacked takes 1 wound as well. <b>Relentless</b> - If this unit defeats a unit in combat, it may move forward 1. If it enters a new combat, this unit can attack again. New opponents may not counterattack this unit. | T81: 4 | Z81: 1 | AA81: 1 | AB81: 1 | AE81: #000000 | AF81: #000000 | AG81: #000000 | AH81: #000000 | AI81: #000000 | AJ81: #000000 | AK81: {=INDEX(Factions!C:C, MATCH(E81, Factions!B:B, 0))} -> #e78e7e | AL81: {=INDEX(Factions!D:D, MATCH(E81, Factions!B:B, 0))} -> #cf0000 | AM81: {=INDEX(Factions!E:E, MATCH(E81, Factions!B:B, 0))} -> #000000 | AN81: {=INDEX(Factions!F:F, MATCH(E81, Factions!B:B, 0))} -> #ffffff | AO81: {=concat(INDEX(Factions!G:G, MATCH(E81, Factions!B:B, 0)),".png")} -> redspines.png | AP81: =IFERROR(__xludf.DUMMYFUNCTION("MIN(FILTER(M81:M1098, F81:F1098=F81))"),1.0) -> 1 | AQ81: =Q81*L81 -> 6 | AR81: =IFERROR(__xludf.DUMMYFUNCTION("IF(and(REGEXMATCH(S81,""Vengence""),not(REGEXMATCH(S81, ""Protective Markings""))),AQ81,AQ81 * 6 / iferror(R81-1,6))"),6.0) -> 6 | AS81: =0 + if(P81="2d6",7,if(P81="d6",3.5,if(P81="d3",1.5,if(P81="2x2",4,if(P81="2x3",6,P81))))) -> 1 | AT81: =AS81*L81 -> 6 | AU81: =IFERROR(__xludf.DUMMYFUNCTION("IF(REGEXMATCH(S81,""<b>Poison</b>""),1+((1/(7-N81))/3),1)"),1.0) -> 1 | AV81: =IFERROR(__xludf.DUMMYFUNCTION("IF(REGEXMATCH(S81,""Vengence""),(7 - R81) / 3,0)"),0.6666666666666666) -> 0.66666667 | AW81: =AV81 + (AT81*(7-N81)/6)*AU81 -> 3.6666667 | AX81: =AR81+(AW81*1.5) -> 11.5 | AY81: =IFERROR(__xludf.DUMMYFUNCTION("if(regexmatch(G81,""Mage|War Machine""),true,false)"),FALSE) -> FALSE
A82: 05_1_6 | B82: Pincushions | C82: =concatenate(E82," ",B82) -> Redspines Pincushions | D82: TRUE | E82: Redspines | F82: Warband | G82: Infantry | H82: 5 | I82: 1 | J82: 3 | L82: 6 | M82: 1 | N82: 4 | O82: 5 | P82: 1 | Q82: 1 | R82: 5 | S82: <b>Vengence</b> - When this unit blocks in combat, it still takes 1 wound. The unit that attacked takes 1 wound as well. <b>Circle of Spikes</b> - Opponents do not get bonuses for attacking this unit in the flank or rear. Strikes first against attacks from the flank or rear. | T82: 4 | Y82: 1 | Z82: 1 | AA82: 1 | AC82: 1 | AD82: 1 | AE82: #000000 | AF82: #000000 | AG82: #000000 | AH82: #000000 | AI82: #000000 | AJ82: #000000 | AK82: {=INDEX(Factions!C:C, MATCH(E82, Factions!B:B, 0))} -> #e78e7e | AL82: {=INDEX(Factions!D:D, MATCH(E82, Factions!B:B, 0))} -> #cf0000 | AM82: {=INDEX(Factions!E:E, MATCH(E82, Factions!B:B, 0))} -> #000000 | AN82: {=INDEX(Factions!F:F, MATCH(E82, Factions!B:B, 0))} -> #ffffff | AO82: {=concat(INDEX(Factions!G:G, MATCH(E82, Factions!B:B, 0)),".png")} -> redspines.png | AP82: =IFERROR(__xludf.DUMMYFUNCTION("MIN(FILTER(M82:M1098, F82:F1098=F82))"),1.0) -> 1 | AQ82: =Q82*L82 -> 6 | AR82: =IFERROR(__xludf.DUMMYFUNCTION("IF(and(REGEXMATCH(S82,""Vengence""),not(REGEXMATCH(S82, ""Protective Markings""))),AQ82,AQ82 * 6 / iferror(R82-1,6))"),6.0) -> 6 | AS82: =0 + if(P82="2d6",7,if(P82="d6",3.5,if(P82="d3",1.5,if(P82="2x2",4,if(P82="2x3",6,P82))))) -> 1 | AT82: =AS82*L82 -> 6 | AU82: =IFERROR(__xludf.DUMMYFUNCTION("IF(REGEXMATCH(S82,""<b>Poison</b>""),1+((1/(7-N82))/3),1)"),1.0) -> 1 | AV82: =IFERROR(__xludf.DUMMYFUNCTION("IF(REGEXMATCH(S82,""Vengence""),(7 - R82) / 3,0)"),0.6666666666666666) -> 0.66666667 | AW82: =AV82 + (AT82*(7-N82)/6)*AU82 -> 3.6666667 | AX82: =AR82+(AW82*1.5) -> 11.5 | AY82: =IFERROR(__xludf.DUMMYFUNCTION("if(regexmatch(G82,""Mage|War Machine""),true,false)"),FALSE) -> FALSE
A83: 05_2C_3 | B83: Harvesters | C83: =concatenate(E83," ",B83) -> Redspines Harvesters | D83: TRUE | E83: Redspines | F83: Warwitches | G83: Support Mage | H83: 6 | I83: 2 | L83: 3 | M83: 1 | N83: 6 | O83: - | P83: 2 | Q83: 3 | R83: 4 | S83: <b>Vengence</b> - When this unit blocks in combat, it still takes 1 wound. The unit that attacked takes 1 wound as well. <b>Bloodspells</b> - While this unit is wounded, gain +1 to casting. <b>Prepared Spell</b> - Equip this unit with one free uncommon spell. | T83: 4 | W83: 2 | AB83: 1 | AE83: #000000 | AF83: #cc0000 | AG83: #000000 | AH83: #000000 | AI83: #2b9800 | AJ83: #2b9800 | AK83: {=INDEX(Factions!C:C, MATCH(E83, Factions!B:B, 0))} -> #e78e7e | AL83: {=INDEX(Factions!D:D, MATCH(E83, Factions!B:B, 0))} -> #cf0000 | AM83: {=INDEX(Factions!E:E, MATCH(E83, Factions!B:B, 0))} -> #000000 | AN83: {=INDEX(Factions!F:F, MATCH(E83, Factions!B:B, 0))} -> #ffffff | AO83: {=concat(INDEX(Factions!G:G, MATCH(E83, Factions!B:B, 0)),".png")} -> redspines.png | AP83: =IFERROR(__xludf.DUMMYFUNCTION("MIN(FILTER(M83:M1098, F83:F1098=F83))"),1.0) -> 1 | AQ83: =Q83*L83 -> 9 | AR83: =IFERROR(__xludf.DUMMYFUNCTION("IF(and(REGEXMATCH(S83,""Vengence""),not(REGEXMATCH(S83, ""Protective Markings""))),AQ83,AQ83 * 6 / iferror(R83-1,6))"),9.0) -> 9 | AS83: =0 + if(P83="2d6",7,if(P83="d6",3.5,if(P83="d3",1.5,if(P83="2x2",4,if(P83="2x3",6,P83))))) -> 2 | AT83: =AS83*L83 -> 6 | AU83: =IFERROR(__xludf.DUMMYFUNCTION("IF(REGEXMATCH(S83,""<b>Poison</b>""),1+((1/(7-N83))/3),1)"),1.0) -> 1 | AV83: =IFERROR(__xludf.DUMMYFUNCTION("IF(REGEXMATCH(S83,""Vengence""),(7 - R83) / 3,0)"),1.0) -> 1 | AW83: =AV83 + (AT83*(7-N83)/6)*AU83 -> 2 | AX83: =AR83+(AW83*1.5) -> 12 | AY83: =IFERROR(__xludf.DUMMYFUNCTION("if(regexmatch(G83,""Mage|War Machine""),true,false)"),TRUE) -> TRUE
A84: 05_2A_1 | B84: Meatwads | C84: =concatenate(E84," ",B84) -> Redspines Meatwads | D84: TRUE | E84: Redspines | F84: Huskarls | G84: Heavy Infantry | H84: 5 | I84: 2 | L84: 5 | M84: 1 | N84: 5 | O84: - | P84: 1 | Q84: 2 | R84: 4 | S84: <b>Vengence</b> - When this unit blocks in combat, it still takes 1 wound. The unit that attacked takes 1 wound as well. <b>Retribution</b> - Wounds dealt from Vengence count double to combat resolution. | T84: 7 | Y84: 2 | Z84: 2 | AA84: 2 | AC84: 1 | AE84: #000000 | AF84: #cc0000 | AG84: #000000 | AH84: #000000 | AI84: #2b9800 | AJ84: #2b9800 | AK84: {=INDEX(Factions!C:C, MATCH(E84, Factions!B:B, 0))} -> #e78e7e | AL84: {=INDEX(Factions!D:D, MATCH(E84, Factions!B:B, 0))} -> #cf0000 | AM84: {=INDEX(Factions!E:E, MATCH(E84, Factions!B:B, 0))} -> #000000 | AN84: {=INDEX(Factions!F:F, MATCH(E84, Factions!B:B, 0))} -> #ffffff | AO84: {=concat(INDEX(Factions!G:G, MATCH(E84, Factions!B:B, 0)),".png")} -> redspines.png | AP84: =IFERROR(__xludf.DUMMYFUNCTION("MIN(FILTER(M84:M1098, F84:F1098=F84))"),1.0) -> 1 | AQ84: =Q84*L84 -> 10 | AR84: =IFERROR(__xludf.DUMMYFUNCTION("IF(and(REGEXMATCH(S84,""Vengence""),not(REGEXMATCH(S84, ""Protective Markings""))),AQ84,AQ84 * 6 / iferror(R84-1,6))"),10.0) -> 10 | AS84: =0 + if(P84="2d6",7,if(P84="d6",3.5,if(P84="d3",1.5,if(P84="2x2",4,if(P84="2x3",6,P84))))) -> 1 | AT84: =AS84*L84 -> 5 | AU84: =IFERROR(__xludf.DUMMYFUNCTION("IF(REGEXMATCH(S84,""<b>Poison</b>""),1+((1/(7-N84))/3),1)"),1.0) -> 1 | AV84: =IFERROR(__xludf.DUMMYFUNCTION("IF(REGEXMATCH(S84,""Vengence""),(7 - R84) / 3,0)"),1.0) -> 1 | AW84: =AV84 + (AT84*(7-N84)/6)*AU84 -> 2.6666667 | AX84: =AR84+(AW84*1.5) -> 14 | AY84: =IFERROR(__xludf.DUMMYFUNCTION("if(regexmatch(G84,""Mage|War Machine""),true,false)"),FALSE) -> FALSE
A85: 05_2A_2 | B85: Blood-dancers | C85: =concatenate(E85," ",B85) -> Redspines Blood-dancers | D85: TRUE | E85: Redspines | F85: Huskarls | G85: Fast Infantry | H85: 5 | I85: 2 | L85: 5 | M85: 1 | N85: 3 | O85: 5 | P85: 1 | Q85: 2 | R85: 5 | S85: <b>Vengence</b> - When this unit blocks in combat, it still takes 1 wound. The unit that attacked takes 1 wound as well. <b>Blood Dance</b> - Once per turn, after this unit takes a wound, it may move or sidestep. This may take it out of combat. <b>Manoeuvrable</b> - May turn once at any point during a walk or hustle. | T85: 6 | Y85: 2 | Z85: 2 | AA85: 2 | AB85: 2 | AD85: 2 | AE85: #000000 | AF85: #2b9800 | AG85: #000000 | AH85: #000000 | AI85: #2b9800 | AJ85: #000000 | AK85: {=INDEX(Factions!C:C, MATCH(E85, Factions!B:B, 0))} -> #e78e7e | AL85: {=INDEX(Factions!D:D, MATCH(E85, Factions!B:B, 0))} -> #cf0000 | AM85: {=INDEX(Factions!E:E, MATCH(E85, Factions!B:B, 0))} -> #000000 | AN85: {=INDEX(Factions!F:F, MATCH(E85, Factions!B:B, 0))} -> #ffffff | AO85: {=concat(INDEX(Factions!G:G, MATCH(E85, Factions!B:B, 0)),".png")} -> redspines.png | AP85: =IFERROR(__xludf.DUMMYFUNCTION("MIN(FILTER(M85:M1098, F85:F1098=F85))"),1.0) -> 1 | AQ85: =Q85*L85 -> 10 | AR85: =IFERROR(__xludf.DUMMYFUNCTION("IF(and(REGEXMATCH(S85,""Vengence""),not(REGEXMATCH(S85, ""Protective Markings""))),AQ85,AQ85 * 6 / iferror(R85-1,6))"),10.0) -> 10 | AS85: =0 + if(P85="2d6",7,if(P85="d6",3.5,if(P85="d3",1.5,if(P85="2x2",4,if(P85="2x3",6,P85))))) -> 1 | AT85: =AS85*L85 -> 5 | AU85: =IFERROR(__xludf.DUMMYFUNCTION("IF(REGEXMATCH(S85,""<b>Poison</b>""),1+((1/(7-N85))/3),1)"),1.0) -> 1 | AV85: =IFERROR(__xludf.DUMMYFUNCTION("IF(REGEXMATCH(S85,""Vengence""),(7 - R85) / 3,0)"),0.6666666666666666) -> 0.66666667 | AW85: =AV85 + (AT85*(7-N85)/6)*AU85 -> 4 | AX85: =AR85+(AW85*1.5) -> 16 | AY85: =IFERROR(__xludf.DUMMYFUNCTION("if(regexmatch(G85,""Mage|War Machine""),true,false)"),FALSE) -> FALSE
A86: 05_2A_3 | B86: Quillsprays | C86: =concatenate(E86," ",B86) -> Redspines Quillsprays | D86: TRUE | E86: Redspines | F86: Huskarls | G86: Unique | H86: 5 | I86: 2 | L86: 5 | M86: 1 | N86: 5 | O86: 5 | P86: 1 | Q86: 2 | R86: 5 | S86: <b>Vengence</b> - When this unit blocks in combat, it still takes 1 wound. The unit that attacked takes 1 wound as well. <b>About Face</b> - May turn exactly 180 after moving. <b>Quill Spray</b> - Special action. Can be used instead of attacking in combat or as a ranged attack. Each model shoots each enemy unit adjacent to the flank or rear of this unit, using this unit's ranged stat. This can shoot units in combat. Counts towards combat resolution. <b>Circle of Spikes</b> - Opponents do not get bonuses for attacking this unit in the flank or rear. Strikes first against attacks from the flank or rear. | T86: 4 | Y86: 2 | Z86: 2 | AA86: 2 | AB86: 2 | AC86: 2 | AD86: 2 | AE86: #000000 | AF86: #cc0000 | AG86: #000000 | AH86: #000000 | AI86: #2b9800 | AJ86: #000000 | AK86: {=INDEX(Factions!C:C, MATCH(E86, Factions!B:B, 0))} -> #e78e7e | AL86: {=INDEX(Factions!D:D, MATCH(E86, Factions!B:B, 0))} -> #cf0000 | AM86: {=INDEX(Factions!E:E, MATCH(E86, Factions!B:B, 0))} -> #000000 | AN86: {=INDEX(Factions!F:F, MATCH(E86, Factions!B:B, 0))} -> #ffffff | AO86: {=concat(INDEX(Factions!G:G, MATCH(E86, Factions!B:B, 0)),".png")} -> redspines.png | AP86: =IFERROR(__xludf.DUMMYFUNCTION("MIN(FILTER(M86:M1098, F86:F1098=F86))"),1.0) -> 1 | AQ86: =Q86*L86 -> 10 | AR86: =IFERROR(__xludf.DUMMYFUNCTION("IF(and(REGEXMATCH(S86,""Vengence""),not(REGEXMATCH(S86, ""Protective Markings""))),AQ86,AQ86 * 6 / iferror(R86-1,6))"),10.0) -> 10 | AS86: =0 + if(P86="2d6",7,if(P86="d6",3.5,if(P86="d3",1.5,if(P86="2x2",4,if(P86="2x3",6,P86))))) -> 1 | AT86: =AS86*L86 -> 5 | AU86: =IFERROR(__xludf.DUMMYFUNCTION("IF(REGEXMATCH(S86,""<b>Poison</b>""),1+((1/(7-N86))/3),1)"),1.0) -> 1 | AV86: =IFERROR(__xludf.DUMMYFUNCTION("IF(REGEXMATCH(S86,""Vengence""),(7 - R86) / 3,0)"),0.6666666666666666) -> 0.66666667 | AW86: =AV86 + (AT86*(7-N86)/6)*AU86 -> 2.3333333 | AX86: =AR86+(AW86*1.5) -> 13.5 | AY86: =IFERROR(__xludf.DUMMYFUNCTION("if(regexmatch(G86,""Mage|War Machine""),true,false)"),FALSE) -> FALSE
A87: 05_2B_1 | B87: Raiders | C87: =concatenate(E87," ",B87) -> Redspines Raiders | D87: TRUE | E87: Redspines | F87: Boar Riders | G87: Light Cavalry | H87: 6 | I87: 2 | L87: 3 | M87: 2 | N87: 4 | O87: 5 | P87: 2 | Q87: 2 | R87: 5 | S87: <b>Vengence</b> - When this unit blocks in combat, it still takes 1 wound. The unit that attacked takes 1 wound as well. <b>Flanking Ambush</b> - This unit may be deployed off the board. If they are, on any turn you may use this unit's action to place them on either flank board edge (facing away from it). This counts as their action for the turn. | T87: 5 | Y87: 2 | Z87: 2 | AA87: 2 | AD87: 2 | AE87: #2b9800 | AF87: #000000 | AG87: #000000 | AH87: #000000 | AI87: #000000 | AJ87: #000000 | AK87: {=INDEX(Factions!C:C, MATCH(E87, Factions!B:B, 0))} -> #e78e7e | AL87: {=INDEX(Factions!D:D, MATCH(E87, Factions!B:B, 0))} -> #cf0000 | AM87: {=INDEX(Factions!E:E, MATCH(E87, Factions!B:B, 0))} -> #000000 | AN87: {=INDEX(Factions!F:F, MATCH(E87, Factions!B:B, 0))} -> #ffffff | AO87: {=concat(INDEX(Factions!G:G, MATCH(E87, Factions!B:B, 0)),".png")} -> redspines.png | AP87: =IFERROR(__xludf.DUMMYFUNCTION("MIN(FILTER(M87:M1098, F87:F1098=F87))"),2.0) -> 2 | AQ87: =Q87*L87 -> 6 | AR87: =IFERROR(__xludf.DUMMYFUNCTION("IF(and(REGEXMATCH(S87,""Vengence""),not(REGEXMATCH(S87, ""Protective Markings""))),AQ87,AQ87 * 6 / iferror(R87-1,6))"),6.0) -> 6 | AS87: =0 + if(P87="2d6",7,if(P87="d6",3.5,if(P87="d3",1.5,if(P87="2x2",4,if(P87="2x3",6,P87))))) -> 2 | AT87: =AS87*L87 -> 6 | AU87: =IFERROR(__xludf.DUMMYFUNCTION("IF(REGEXMATCH(S87,""<b>Poison</b>""),1+((1/(7-N87))/3),1)"),1.0) -> 1 | AV87: =IFERROR(__xludf.DUMMYFUNCTION("IF(REGEXMATCH(S87,""Vengence""),(7 - R87) / 3,0)"),0.6666666666666666) -> 0.66666667 | AW87: =AV87 + (AT87*(7-N87)/6)*AU87 -> 3.6666667 | AX87: =AR87+(AW87*1.5) -> 11.5 | AY87: =IFERROR(__xludf.DUMMYFUNCTION("if(regexmatch(G87,""Mage|War Machine""),true,false)"),FALSE) -> FALSE
A88: 05_2B_2 | B88: Woedriders | C88: =concatenate(E88," ",B88) -> Redspines Woedriders | D88: TRUE | E88: Redspines | F88: Boar Riders | G88: Heavy Cavalry | H88: 6 | I88: 2 | L88: 3 | M88: 2 | N88: 4 | O88: - | P88: 2 | Q88: 2 | R88: 5 | S88: <b>Vengence</b> - When this unit blocks in combat, it still takes 1 wound. The unit that attacked takes 1 wound as well. <b>Uncanny Protection</b> - Block may not be reduced beneath 5. <b>Protective Markings</b> - When this unit blocks due to Vengence, it does not take a wound. | T88: 6 | Y88: 2 | Z88: 2 | AA88: 2 | AE88: #2b9800 | AF88: #000000 | AG88: #000000 | AH88: #000000 | AI88: #000000 | AJ88: #000000 | AK88: {=INDEX(Factions!C:C, MATCH(E88, Factions!B:B, 0))} -> #e78e7e | AL88: {=INDEX(Factions!D:D, MATCH(E88, Factions!B:B, 0))} -> #cf0000 | AM88: {=INDEX(Factions!E:E, MATCH(E88, Factions!B:B, 0))} -> #000000 | AN88: {=INDEX(Factions!F:F, MATCH(E88, Factions!B:B, 0))} -> #ffffff | AO88: {=concat(INDEX(Factions!G:G, MATCH(E88, Factions!B:B, 0)),".png")} -> redspines.png | AP88: =IFERROR(__xludf.DUMMYFUNCTION("MIN(FILTER(M88:M1098, F88:F1098=F88))"),2.0) -> 2 | AQ88: =Q88*L88 -> 6 | AR88: =IFERROR(__xludf.DUMMYFUNCTION("IF(and(REGEXMATCH(S88,""Vengence""),not(REGEXMATCH(S88, ""Protective Markings""))),AQ88,AQ88 * 6 / iferror(R88-1,6))"),9.0) -> 9 | AS88: =0 + if(P88="2d6",7,if(P88="d6",3.5,if(P88="d3",1.5,if(P88="2x2",4,if(P88="2x3",6,P88))))) -> 2 | AT88: =AS88*L88 -> 6 | AU88: =IFERROR(__xludf.DUMMYFUNCTION("IF(REGEXMATCH(S88,""<b>Poison</b>""),1+((1/(7-N88))/3),1)"),1.0) -> 1 | AV88: =IFERROR(__xludf.DUMMYFUNCTION("IF(REGEXMATCH(S88,""Vengence""),(7 - R88) / 3,0)"),0.6666666666666666) -> 0.66666667 | AW88: =AV88 + (AT88*(7-N88)/6)*AU88 -> 3.6666667 | AX88: =AR88+(AW88*1.5) -> 14.5 | AY88: =IFERROR(__xludf.DUMMYFUNCTION("if(regexmatch(G88,""Mage|War Machine""),true,false)"),FALSE) -> FALSE
A89: 05_2C_2 | B89: Furies | C89: =concatenate(E89," ",B89) -> Redspines Furies | D89: TRUE | E89: Redspines | F89: Warwitches | G89: Attack Mage | H89: 6 | I89: 2 | L89: 3 | M89: 1 | N89: 3 | O89: - | P89: 2 | Q89: 2 | R89: 5 | S89: <b>Vengence</b> - When this unit blocks in combat, it still takes 1 wound. The unit that attacked takes 1 wound as well. <b>Revels</b> - When this unit takes or deals a wound, heal an adjacent friendly unit by 1. This can ressurect models. | T89: 5 | W89: 2 | Z89: 1 | AB89: 1 | AE89: #000000 | AF89: #2b9800 | AG89: #000000 | AH89: #000000 | AI89: #000000 | AJ89: #000000 | AK89: {=INDEX(Factions!C:C, MATCH(E89, Factions!B:B, 0))} -> #e78e7e | AL89: {=INDEX(Factions!D:D, MATCH(E89, Factions!B:B, 0))} -> #cf0000 | AM89: {=INDEX(Factions!E:E, MATCH(E89, Factions!B:B, 0))} -> #000000 | AN89: {=INDEX(Factions!F:F, MATCH(E89, Factions!B:B, 0))} -> #ffffff | AO89: {=concat(INDEX(Factions!G:G, MATCH(E89, Factions!B:B, 0)),".png")} -> redspines.png | AP89: =IFERROR(__xludf.DUMMYFUNCTION("MIN(FILTER(M89:M1098, F89:F1098=F89))"),1.0) -> 1 | AQ89: =Q89*L89 -> 6 | AR89: =IFERROR(__xludf.DUMMYFUNCTION("IF(and(REGEXMATCH(S89,""Vengence""),not(REGEXMATCH(S89, ""Protective Markings""))),AQ89,AQ89 * 6 / iferror(R89-1,6))"),6.0) -> 6 | AS89: =0 + if(P89="2d6",7,if(P89="d6",3.5,if(P89="d3",1.5,if(P89="2x2",4,if(P89="2x3",6,P89))))) -> 2 | AT89: =AS89*L89 -> 6 | AU89: =IFERROR(__xludf.DUMMYFUNCTION("IF(REGEXMATCH(S89,""<b>Poison</b>""),1+((1/(7-N89))/3),1)"),1.0) -> 1 | AV89: =IFERROR(__xludf.DUMMYFUNCTION("IF(REGEXMATCH(S89,""Vengence""),(7 - R89) / 3,0)"),0.6666666666666666) -> 0.66666667 | AW89: =AV89 + (AT89*(7-N89)/6)*AU89 -> 4.6666667 | AX89: =AR89+(AW89*1.5) -> 13 | AY89: =IFERROR(__xludf.DUMMYFUNCTION("if(regexmatch(G89,""Mage|War Machine""),true,false)"),TRUE) -> TRUE
A90: 05_2B_3 | B90: Screamers | C90: =concatenate(E90," ",B90) -> Redspines Screamers | D90: TRUE | E90: Redspines | F90: Boar Riders | G90: Light Cavalry | H90: 6 | I90: 2 | L90: 3 | M90: 2 | N90: 4 | O90: - | P90: 3 | Q90: 2 | R90: 6 | S90: <b>Vengence</b> - When this unit blocks in combat, it still takes 1 wound. The unit that attacked takes 1 wound as well. <b>Bloodlust</b> - While this unit has one or more wounds, each model has an extra attack. <b>Relentless</b> - If this unit defeats a unit in combat, it may move forward 1. If it enters a new combat, this unit can attack again. New opponents may not counterattack this unit. <b>Manoeuvrable</b> - May turn once at any point during a walk or hustle. | T90: 6 | Z90: 2 | AA90: 2 | AE90: #2b9800 | AF90: #000000 | AG90: #000000 | AH90: #2b9800 | AI90: #000000 | AJ90: #cc0000 | AK90: {=INDEX(Factions!C:C, MATCH(E90, Factions!B:B, 0))} -> #e78e7e | AL90: {=INDEX(Factions!D:D, MATCH(E90, Factions!B:B, 0))} -> #cf0000 | AM90: {=INDEX(Factions!E:E, MATCH(E90, Factions!B:B, 0))} -> #000000 | AN90: {=INDEX(Factions!F:F, MATCH(E90, Factions!B:B, 0))} -> #ffffff | AO90: {=concat(INDEX(Factions!G:G, MATCH(E90, Factions!B:B, 0)),".png")} -> redspines.png | AP90: =IFERROR(__xludf.DUMMYFUNCTION("MIN(FILTER(M90:M1098, F90:F1098=F90))"),2.0) -> 2 | AQ90: =Q90*L90 -> 6 | AR90: =IFERROR(__xludf.DUMMYFUNCTION("IF(and(REGEXMATCH(S90,""Vengence""),not(REGEXMATCH(S90, ""Protective Markings""))),AQ90,AQ90 * 6 / iferror(R90-1,6))"),6.0) -> 6 | AS90: =0 + if(P90="2d6",7,if(P90="d6",3.5,if(P90="d3",1.5,if(P90="2x2",4,if(P90="2x3",6,P90))))) -> 3 | AT90: =AS90*L90 -> 9 | AU90: =IFERROR(__xludf.DUMMYFUNCTION("IF(REGEXMATCH(S90,""<b>Poison</b>""),1+((1/(7-N90))/3),1)"),1.0) -> 1 | AV90: =IFERROR(__xludf.DUMMYFUNCTION("IF(REGEXMATCH(S90,""Vengence""),(7 - R90) / 3,0)"),0.3333333333333333) -> 0.33333333 | AW90: =AV90 + (AT90*(7-N90)/6)*AU90 -> 4.8333333 | AX90: =AR90+(AW90*1.5) -> 13.25 | AY90: =IFERROR(__xludf.DUMMYFUNCTION("if(regexmatch(G90,""Mage|War Machine""),true,false)"),FALSE) -> FALSE
A91: 05_2C_1 | B91: Valkryies | C91: =concatenate(E91," ",B91) -> Redspines Valkryies | D91: TRUE | E91: Redspines | F91: Warwitches | G91: Support Mage | H91: 6 | I91: 2 | L91: 3 | M91: 1 | N91: 4 | O91: - | P91: 2 | Q91: 2 | R91: 6 | S91: <b>Vengence</b> - When this unit blocks in combat, it still takes 1 wound. The unit that attacked takes 1 wound as well. <b>Battlefield Salves</b> - Free action: Heal an adjacent unit by 1. Until the end of turn, it heals 1 every time it deals a wound. This can ressurect models. | T91: 3 | W91: 2 | AB91: 1 | AE91: #000000 | AF91: #000000 | AG91: #000000 | AH91: #000000 | AI91: #000000 | AJ91: #cc0000 | AK91: {=INDEX(Factions!C:C, MATCH(E91, Factions!B:B, 0))} -> #e78e7e | AL91: {=INDEX(Factions!D:D, MATCH(E91, Factions!B:B, 0))} -> #cf0000 | AM91: {=INDEX(Factions!E:E, MATCH(E91, Factions!B:B, 0))} -> #000000 | AN91: {=INDEX(Factions!F:F, MATCH(E91, Factions!B:B, 0))} -> #ffffff | AO91: {=concat(INDEX(Factions!G:G, MATCH(E91, Factions!B:B, 0)),".png")} -> redspines.png | AP91: =IFERROR(__xludf.DUMMYFUNCTION("MIN(FILTER(M91:M1098, F91:F1098=F91))"),1.0) -> 1 | AQ91: =Q91*L91 -> 6 | AR91: =IFERROR(__xludf.DUMMYFUNCTION("IF(and(REGEXMATCH(S91,""Vengence""),not(REGEXMATCH(S91, ""Protective Markings""))),AQ91,AQ91 * 6 / iferror(R91-1,6))"),6.0) -> 6 | AS91: =0 + if(P91="2d6",7,if(P91="d6",3.5,if(P91="d3",1.5,if(P91="2x2",4,if(P91="2x3",6,P91))))) -> 2 | AT91: =AS91*L91 -> 6 | AU91: =IFERROR(__xludf.DUMMYFUNCTION("IF(REGEXMATCH(S91,""<b>Poison</b>""),1+((1/(7-N91))/3),1)"),1.0) -> 1 | AV91: =IFERROR(__xludf.DUMMYFUNCTION("IF(REGEXMATCH(S91,""Vengence""),(7 - R91) / 3,0)"),0.3333333333333333) -> 0.33333333 | AW91: =AV91 + (AT91*(7-N91)/6)*AU91 -> 3.3333333 | AX91: =AR91+(AW91*1.5) -> 11 | AY91: =IFERROR(__xludf.DUMMYFUNCTION("if(regexmatch(G91,""Mage|War Machine""),true,false)"),TRUE) -> TRUE
A92: 07_1_2 | B92: Militia | C92: =concatenate(E92," ",B92) -> Scaled Empire Militia | D92: TRUE | E92: Scaled Empire | F92: Infantry | G92: Chaff | H92: 6 | I92: 1 | J92: 1 | L92: 6 | M92: 1 | N92: 5 | O92: - | P92: 1 | Q92: 1 | R92: 6 | S92: <b>Detachment</b> - Gains +1 to leadership rolls while adjacent to a regiment or officer. If no regiments or officers are adjacent to this unit, fails flee rolls on a 2. <b>Disorganised</b> - Automatically fails fear checks if at or below 50% unit strength. | T92: 3 | Y92: 1 | AC92: 1 | AE92: #000000 | AF92: #cc0000 | AG92: #000000 | AH92: #000000 | AI92: #000000 | AJ92: #cc0000 | AK92: {=INDEX(Factions!C:C, MATCH(E92, Factions!B:B, 0))} -> #c9daf8 | AL92: {=INDEX(Factions!D:D, MATCH(E92, Factions!B:B, 0))} -> #00399e | AM92: {=INDEX(Factions!E:E, MATCH(E92, Factions!B:B, 0))} -> #000000 | AN92: {=INDEX(Factions!F:F, MATCH(E92, Factions!B:B, 0))} -> #ffffff | AO92: {=concat(INDEX(Factions!G:G, MATCH(E92, Factions!B:B, 0)),".png")} -> empire.png | AP92: =IFERROR(__xludf.DUMMYFUNCTION("MIN(FILTER(M92:M1098, F92:F1098=F92))"),1.0) -> 1 | AQ92: =Q92*L92 -> 6 | AR92: =IFERROR(__xludf.DUMMYFUNCTION("IF(and(REGEXMATCH(S92,""Vengence""),not(REGEXMATCH(S92, ""Protective Markings""))),AQ92,AQ92 * 6 / iferror(R92-1,6))"),7.2) -> 7.2 | AS92: =0 + if(P92="2d6",7,if(P92="d6",3.5,if(P92="d3",1.5,if(P92="2x2",4,if(P92="2x3",6,P92))))) -> 1 | AT92: =AS92*L92 -> 6 | AU92: =IFERROR(__xludf.DUMMYFUNCTION("IF(REGEXMATCH(S92,""<b>Poison</b>""),1+((1/(7-N92))/3),1)"),1.0) -> 1 | AV92: =IFERROR(__xludf.DUMMYFUNCTION("IF(REGEXMATCH(S92,""Vengence""),(7 - R92) / 3,0)"),0.0) -> 0 | AW92: =AV92 + (AT92*(7-N92)/6)*AU92 -> 2 | AX92: =AR92+(AW92*1.5) -> 10.2 | AY92: =IFERROR(__xludf.DUMMYFUNCTION("if(regexmatch(G92,""Mage|War Machine""),true,false)"),FALSE) -> FALSE
A93: 07_1_1 | B93: Warriors | C93: =concatenate(E93," ",B93) -> Scaled Empire Warriors | D93: TRUE | E93: Scaled Empire | F93: Infantry | G93: Warriors | H93: 6 | I93: 1 | J93: 2 | L93: 6 | M93: 1 | N93: 4 | O93: 6 | P93: 1 | Q93: 1 | R93: 5 | S93: <b>Detachment</b> - Gains +1 to leadership rolls while adjacent to a regiment or officer. If no regiments or officers are adjacent to this unit, fails flee rolls on a 2. | T93: 4 | Y93: 1 | Z93: 1 | AA93: 1 | AB93: 1 | AC93: 1 | AD93: 1 | AE93: #000000 | AF93: #000000 | AG93: #000000 | AH93: #000000 | AI93: #000000 | AJ93: #000000 | AK93: {=INDEX(Factions!C:C, MATCH(E93, Factions!B:B, 0))} -> #c9daf8 | AL93: {=INDEX(Factions!D:D, MATCH(E93, Factions!B:B, 0))} -> #00399e | AM93: {=INDEX(Factions!E:E, MATCH(E93, Factions!B:B, 0))} -> #000000 | AN93: {=INDEX(Factions!F:F, MATCH(E93, Factions!B:B, 0))} -> #ffffff | AO93: {=concat(INDEX(Factions!G:G, MATCH(E93, Factions!B:B, 0)),".png")} -> empire.png | AP93: =IFERROR(__xludf.DUMMYFUNCTION("MIN(FILTER(M93:M1098, F93:F1098=F93))"),1.0) -> 1 | AQ93: =Q93*L93 -> 6 | AR93: =IFERROR(__xludf.DUMMYFUNCTION("IF(and(REGEXMATCH(S93,""Vengence""),not(REGEXMATCH(S93, ""Protective Markings""))),AQ93,AQ93 * 6 / iferror(R93-1,6))"),9.0) -> 9 | AS93: =0 + if(P93="2d6",7,if(P93="d6",3.5,if(P93="d3",1.5,if(P93="2x2",4,if(P93="2x3",6,P93))))) -> 1 | AT93: =AS93*L93 -> 6 | AU93: =IFERROR(__xludf.DUMMYFUNCTION("IF(REGEXMATCH(S93,""<b>Poison</b>""),1+((1/(7-N93))/3),1)"),1.0) -> 1 | AV93: =IFERROR(__xludf.DUMMYFUNCTION("IF(REGEXMATCH(S93,""Vengence""),(7 - R93) / 3,0)"),0.0) -> 0 | AW93: =AV93 + (AT93*(7-N93)/6)*AU93 -> 3 | AX93: =AR93+(AW93*1.5) -> 13.5 | AY93: =IFERROR(__xludf.DUMMYFUNCTION("if(regexmatch(G93,""Mage|War Machine""),true,false)"),FALSE) -> FALSE
A94: 07_1_3 | B94: Firepowder Corps | C94: =concatenate(E94," ",B94) -> Scaled Empire Firepowder Corps | D94: TRUE | E94: Scaled Empire | F94: Infantry | G94: Archers | H94: 6 | I94: 1 | J94: 2 | L94: 6 | M94: 1 | N94: 5 | O94: 4 | P94: 1 | Q94: 1 | R94: 6 | S94: <b>Detachment</b> - Gains +1 to leadership rolls while adjacent to a regiment or officer. If no regiments or officers are adjacent to this unit, fails flee rolls on a 2. | T94: 3 | AD94: 1 | AE94: #000000 | AF94: #cc0000 | AG94: #2b9800 | AH94: #000000 | AI94: #000000 | AJ94: #cc0000 | AK94: {=INDEX(Factions!C:C, MATCH(E94, Factions!B:B, 0))} -> #c9daf8 | AL94: {=INDEX(Factions!D:D, MATCH(E94, Factions!B:B, 0))} -> #00399e | AM94: {=INDEX(Factions!E:E, MATCH(E94, Factions!B:B, 0))} -> #000000 | AN94: {=INDEX(Factions!F:F, MATCH(E94, Factions!B:B, 0))} -> #ffffff | AO94: {=concat(INDEX(Factions!G:G, MATCH(E94, Factions!B:B, 0)),".png")} -> empire.png | AP94: =IFERROR(__xludf.DUMMYFUNCTION("MIN(FILTER(M94:M1098, F94:F1098=F94))"),1.0) -> 1 | AQ94: =Q94*L94 -> 6 | AR94: =IFERROR(__xludf.DUMMYFUNCTION("IF(and(REGEXMATCH(S94,""Vengence""),not(REGEXMATCH(S94, ""Protective Markings""))),AQ94,AQ94 * 6 / iferror(R94-1,6))"),7.2) -> 7.2 | AS94: =0 + if(P94="2d6",7,if(P94="d6",3.5,if(P94="d3",1.5,if(P94="2x2",4,if(P94="2x3",6,P94))))) -> 1 | AT94: =AS94*L94 -> 6 | AU94: =IFERROR(__xludf.DUMMYFUNCTION("IF(REGEXMATCH(S94,""<b>Poison</b>""),1+((1/(7-N94))/3),1)"),1.0) -> 1 | AV94: =IFERROR(__xludf.DUMMYFUNCTION("IF(REGEXMATCH(S94,""Vengence""),(7 - R94) / 3,0)"),0.0) -> 0 | AW94: =AV94 + (AT94*(7-N94)/6)*AU94 -> 2 | AX94: =AR94+(AW94*1.5) -> 10.2 | AY94: =IFERROR(__xludf.DUMMYFUNCTION("if(regexmatch(G94,""Mage|War Machine""),true,false)"),FALSE) -> FALSE
A95: 07_1_5 | B95: Scalewall | C95: =concatenate(E95," ",B95) -> Scaled Empire Scalewall | D95: TRUE | E95: Scaled Empire | F95: Infantry | G95: Heavy Infantry | H95: 6 | I95: 1 | J95: 3 | L95: 6 | M95: 1 | N95: 4 | O95: - | P95: 1 | Q95: 1 | R95: 4 | S95: <b>Detachment</b> - Gains +1 to leadership rolls while adjacent to a regiment or officer. If no regiments or officers are adjacent to this unit, fails flee rolls on a 2. <b>Shieldwall</b> - Improve block by 1 against ranged attacks <b>Slow</b> - Can't hustle | T95: 5 | Y95: 1 | AC95: 1 | AE95: #000000 | AF95: #000000 | AG95: #000000 | AH95: #000000 | AI95: #000000 | AJ95: #2b9800 | AK95: {=INDEX(Factions!C:C, MATCH(E95, Factions!B:B, 0))} -> #c9daf8 | AL95: {=INDEX(Factions!D:D, MATCH(E95, Factions!B:B, 0))} -> #00399e | AM95: {=INDEX(Factions!E:E, MATCH(E95, Factions!B:B, 0))} -> #000000 | AN95: {=INDEX(Factions!F:F, MATCH(E95, Factions!B:B, 0))} -> #ffffff | AO95: {=concat(INDEX(Factions!G:G, MATCH(E95, Factions!B:B, 0)),".png")} -> empire.png | AP95: =IFERROR(__xludf.DUMMYFUNCTION("MIN(FILTER(M95:M1098, F95:F1098=F95))"),1.0) -> 1 | AQ95: =Q95*L95 -> 6 | AR95: =IFERROR(__xludf.DUMMYFUNCTION("IF(and(REGEXMATCH(S95,""Vengence""),not(REGEXMATCH(S95, ""Protective Markings""))),AQ95,AQ95 * 6 / iferror(R95-1,6))"),12.0) -> 12 | AS95: =0 + if(P95="2d6",7,if(P95="d6",3.5,if(P95="d3",1.5,if(P95="2x2",4,if(P95="2x3",6,P95))))) -> 1 | AT95: =AS95*L95 -> 6 | AU95: =IFERROR(__xludf.DUMMYFUNCTION("IF(REGEXMATCH(S95,""<b>Poison</b>""),1+((1/(7-N95))/3),1)"),1.0) -> 1 | AV95: =IFERROR(__xludf.DUMMYFUNCTION("IF(REGEXMATCH(S95,""Vengence""),(7 - R95) / 3,0)"),0.0) -> 0 | AW95: =AV95 + (AT95*(7-N95)/6)*AU95 -> 3 | AX95: =AR95+(AW95*1.5) -> 16.5 | AY95: =IFERROR(__xludf.DUMMYFUNCTION("if(regexmatch(G95,""Mage|War Machine""),true,false)"),FALSE) -> FALSE
A96: 07_1_6 | B96: Horsebreakers | C96: =concatenate(E96," ",B96) -> Scaled Empire Horsebreakers | D96: TRUE | E96: Scaled Empire | F96: Infantry | G96: Infantry | H96: 6 | I96: 1 | J96: 3 | L96: 6 | M96: 1 | N96: 4 | O96: - | P96: 1 | Q96: 1 | R96: 5 | S96: <b>Detachment</b> - Gains +1 to leadership rolls while adjacent to a regiment or officer. If no regiments or officers are adjacent to this unit, fails flee rolls on a 2. <b>Pike Square</b> - Opponents do not get bonuses for attacking this unit in the flank and this unit treats its flanks as the front of the unit. <b>Cavalrybane</b> - Gains +1 to hit, AP1, and +1 to block in combat against units with 2 or more movement. | T96: 5 | Y96: 1 | AC96: 1 | AE96: #000000 | AF96: #000000 | AG96: #000000 | AH96: #000000 | AI96: #000000 | AJ96: #000000 | AK96: {=INDEX(Factions!C:C, MATCH(E96, Factions!B:B, 0))} -> #c9daf8 | AL96: {=INDEX(Factions!D:D, MATCH(E96, Factions!B:B, 0))} -> #00399e | AM96: {=INDEX(Factions!E:E, MATCH(E96, Factions!B:B, 0))} -> #000000 | AN96: {=INDEX(Factions!F:F, MATCH(E96, Factions!B:B, 0))} -> #ffffff | AO96: {=concat(INDEX(Factions!G:G, MATCH(E96, Factions!B:B, 0)),".png")} -> empire.png | AP96: =IFERROR(__xludf.DUMMYFUNCTION("MIN(FILTER(M96:M1098, F96:F1098=F96))"),1.0) -> 1 | AQ96: =Q96*L96 -> 6 | AR96: =IFERROR(__xludf.DUMMYFUNCTION("IF(and(REGEXMATCH(S96,""Vengence""),not(REGEXMATCH(S96, ""Protective Markings""))),AQ96,AQ96 * 6 / iferror(R96-1,6))"),9.0) -> 9 | AS96: =0 + if(P96="2d6",7,if(P96="d6",3.5,if(P96="d3",1.5,if(P96="2x2",4,if(P96="2x3",6,P96))))) -> 1 | AT96: =AS96*L96 -> 6 | AU96: =IFERROR(__xludf.DUMMYFUNCTION("IF(REGEXMATCH(S96,""<b>Poison</b>""),1+((1/(7-N96))/3),1)"),1.0) -> 1 | AV96: =IFERROR(__xludf.DUMMYFUNCTION("IF(REGEXMATCH(S96,""Vengence""),(7 - R96) / 3,0)"),0.0) -> 0 | AW96: =AV96 + (AT96*(7-N96)/6)*AU96 -> 3 | AX96: =AR96+(AW96*1.5) -> 13.5 | AY96: =IFERROR(__xludf.DUMMYFUNCTION("if(regexmatch(G96,""Mage|War Machine""),true,false)"),FALSE) -> FALSE
A97: 07_1_4 | B97: Scout Corps | C97: =concatenate(E97," ",B97) -> Scaled Empire Scout Corps | D97: TRUE | E97: Scaled Empire | F97: Infantry | G97: Archers | H97: 6 | I97: 1 | J97: 3 | L97: 6 | M97: 1 | N97: 5 | O97: 4 | P97: 1 | Q97: 1 | R97: 6 | S97: <b>Detachment</b> - Gains +1 to leadership rolls while adjacent to a regiment or officer. If no regiments or officers are adjacent to this unit, fails flee rolls on a 2. <b>Self Sufficient Bows</b> - Ranged Weapon. Range 3. <b>Manoeuvrable</b> - May turn once at any point during a walk or hustle. <b>Fire on the Move</b> - Can shoot after walking <b>Tactical Retreat</b> - Can choose to flee before combat starts | T97: 3 | Y97: 1 | Z97: 1 | AA97: 1 | AB97: 1 | AE97: #000000 | AF97: #cc0000 | AG97: #2b9800 | AH97: #000000 | AI97: #000000 | AJ97: #cc0000 | AK97: {=INDEX(Factions!C:C, MATCH(E97, Factions!B:B, 0))} -> #c9daf8 | AL97: {=INDEX(Factions!D:D, MATCH(E97, Factions!B:B, 0))} -> #00399e | AM97: {=INDEX(Factions!E:E, MATCH(E97, Factions!B:B, 0))} -> #000000 | AN97: {=INDEX(Factions!F:F, MATCH(E97, Factions!B:B, 0))} -> #ffffff | AO97: {=concat(INDEX(Factions!G:G, MATCH(E97, Factions!B:B, 0)),".png")} -> empire.png | AP97: =IFERROR(__xludf.DUMMYFUNCTION("MIN(FILTER(M97:M1098, F97:F1098=F97))"),1.0) -> 1 | AQ97: =Q97*L97 -> 6 | AR97: =IFERROR(__xludf.DUMMYFUNCTION("IF(and(REGEXMATCH(S97,""Vengence""),not(REGEXMATCH(S97, ""Protective Markings""))),AQ97,AQ97 * 6 / iferror(R97-1,6))"),7.2) -> 7.2 | AS97: =0 + if(P97="2d6",7,if(P97="d6",3.5,if(P97="d3",1.5,if(P97="2x2",4,if(P97="2x3",6,P97))))) -> 1 | AT97: =AS97*L97 -> 6 | AU97: =IFERROR(__xludf.DUMMYFUNCTION("IF(REGEXMATCH(S97,""<b>Poison</b>""),1+((1/(7-N97))/3),1)"),1.0) -> 1 | AV97: =IFERROR(__xludf.DUMMYFUNCTION("IF(REGEXMATCH(S97,""Vengence""),(7 - R97) / 3,0)"),0.0) -> 0 | AW97: =AV97 + (AT97*(7-N97)/6)*AU97 -> 2 | AX97: =AR97+(AW97*1.5) -> 10.2 | AY97: =IFERROR(__xludf.DUMMYFUNCTION("if(regexmatch(G97,""Mage|War Machine""),true,false)"),FALSE) -> FALSE
A98: 07_2C_2 | B98: Bluemasks | C98: =concatenate(E98," ",B98) -> Scaled Empire Bluemasks | D98: TRUE | E98: Scaled Empire | F98: Veterans | G98: Heavy Infantry | H98: 5 | I98: 2 | L98: 6 | M98: 1 | N98: 4 | O98: - | P98: 1 | Q98: 1 | R98: 4 | S98: <b>Regiment</b> - Gains +1 to leadership rolls while adjacent to a detachment. <b>Fearful Presence</b> - Enemy units in range 2 subtract one from rolls to flee. Natural 6s still always pass. | T98: 6 | Y98: 2 | Z98: 2 | AA98: 2 | AB98: 2 | AC98: 2 | AD98: 2 | AE98: #000000 | AF98: #000000 | AG98: #000000 | AH98: #000000 | AI98: #000000 | AJ98: #2b9800 | AK98: {=INDEX(Factions!C:C, MATCH(E98, Factions!B:B, 0))} -> #c9daf8 | AL98: {=INDEX(Factions!D:D, MATCH(E98, Factions!B:B, 0))} -> #00399e | AM98: {=INDEX(Factions!E:E, MATCH(E98, Factions!B:B, 0))} -> #000000 | AN98: {=INDEX(Factions!F:F, MATCH(E98, Factions!B:B, 0))} -> #ffffff | AO98: {=concat(INDEX(Factions!G:G, MATCH(E98, Factions!B:B, 0)),".png")} -> empire.png | AP98: =IFERROR(__xludf.DUMMYFUNCTION("MIN(FILTER(M98:M1098, F98:F1098=F98))"),1.0) -> 1 | AQ98: =Q98*L98 -> 6 | AR98: =IFERROR(__xludf.DUMMYFUNCTION("IF(and(REGEXMATCH(S98,""Vengence""),not(REGEXMATCH(S98, ""Protective Markings""))),AQ98,AQ98 * 6 / iferror(R98-1,6))"),12.0) -> 12 | AS98: =0 + if(P98="2d6",7,if(P98="d6",3.5,if(P98="d3",1.5,if(P98="2x2",4,if(P98="2x3",6,P98))))) -> 1 | AT98: =AS98*L98 -> 6 | AU98: =IFERROR(__xludf.DUMMYFUNCTION("IF(REGEXMATCH(S98,""<b>Poison</b>""),1+((1/(7-N98))/3),1)"),1.0) -> 1 | AV98: =IFERROR(__xludf.DUMMYFUNCTION("IF(REGEXMATCH(S98,""Vengence""),(7 - R98) / 3,0)"),0.0) -> 0 | AW98: =AV98 + (AT98*(7-N98)/6)*AU98 -> 3 | AX98: =AR98+(AW98*1.5) -> 16.5 | AY98: =IFERROR(__xludf.DUMMYFUNCTION("if(regexmatch(G98,""Mage|War Machine""),true,false)"),FALSE) -> FALSE
A99: 07_2B_3 | B99: Dragoons | C99: =concatenate(E99," ",B99) -> Scaled Empire Dragoons | D99: TRUE | E99: Scaled Empire | F99: Cavalry | G99: Heavy Cavalry | H99: 6 | I99: 2 | L99: 4 | M99: 2 | N99: 4 | O99: - | P99: 2 | Q99: 2 | R99: 5 | S99: <b>Regiment</b> - Gains +1 to leadership rolls while adjacent to a detachment. <b>Impact Hits 1</b> - If you get a charge bonus, do 1 attack per model hitting on 4+. These count towards who won combat. | T99: 5.5 | Y99: 2 | Z99: 2 | AA99: 2 | AC99: 2 | AE99: #2b9800 | AF99: #000000 | AG99: #000000 | AH99: #2b9800 | AI99: #2b9800 | AJ99: #000000 | AK99: {=INDEX(Factions!C:C, MATCH(E99, Factions!B:B, 0))} -> #c9daf8 | AL99: {=INDEX(Factions!D:D, MATCH(E99, Factions!B:B, 0))} -> #00399e | AM99: {=INDEX(Factions!E:E, MATCH(E99, Factions!B:B, 0))} -> #000000 | AN99: {=INDEX(Factions!F:F, MATCH(E99, Factions!B:B, 0))} -> #ffffff | AO99: {=concat(INDEX(Factions!G:G, MATCH(E99, Factions!B:B, 0)),".png")} -> empire.png | AP99: =IFERROR(__xludf.DUMMYFUNCTION("MIN(FILTER(M99:M1098, F99:F1098=F99))"),2.0) -> 2 | AQ99: =Q99*L99 -> 8 | AR99: =IFERROR(__xludf.DUMMYFUNCTION("IF(and(REGEXMATCH(S99,""Vengence""),not(REGEXMATCH(S99, ""Protective Markings""))),AQ99,AQ99 * 6 / iferror(R99-1,6))"),12.0) -> 12 | AS99: =0 + if(P99="2d6",7,if(P99="d6",3.5,if(P99="d3",1.5,if(P99="2x2",4,if(P99="2x3",6,P99))))) -> 2 | AT99: =AS99*L99 -> 8 | AU99: =IFERROR(__xludf.DUMMYFUNCTION("IF(REGEXMATCH(S99,""<b>Poison</b>""),1+((1/(7-N99))/3),1)"),1.0) -> 1 | AV99: =IFERROR(__xludf.DUMMYFUNCTION("IF(REGEXMATCH(S99,""Vengence""),(7 - R99) / 3,0)"),0.0) -> 0 | AW99: =AV99 + (AT99*(7-N99)/6)*AU99 -> 4 | AX99: =AR99+(AW99*1.5) -> 18 | AY99: =IFERROR(__xludf.DUMMYFUNCTION("if(regexmatch(G99,""Mage|War Machine""),true,false)"),FALSE) -> FALSE
A100: 07_2B_1 | B100: Outriders | C100: =concatenate(E100," ",B100) -> Scaled Empire Outriders | D100: TRUE | E100: Scaled Empire | F100: Cavalry | G100: Light Cavalry | H100: 6 | I100: 2 | L100: 4 | M100: 2 | N100: 5 | O100: 4 | P100: 1 | Q100: 1 | R100: 5 | S100: <b>Regiment</b> - Gains +1 to leadership rolls while adjacent to a detachment. <b>Manoeuvrable</b> - May turn once at any point during a walk or hustle <b>Multishot 2</b> - Ranged attacks roll 2 dice. <b>Fire on the Move</b> - Can shoot after walking <b>Tactical Retreat</b> - Can choose to flee before combat starts | T100: 3 | Z100: 2 | AA100: 2 | AC100: 2 | AD100: 2 | AE100: #2b9800 | AF100: #cc0000 | AG100: #2b9800 | AH100: #cc0000 | AI100: #000000 | AJ100: #000000 | AK100: {=INDEX(Factions!C:C, MATCH(E100, Factions!B:B, 0))} -> #c9daf8 | AL100: {=INDEX(Factions!D:D, MATCH(E100, Factions!B:B, 0))} -> #00399e | AM100: {=INDEX(Factions!E:E, MATCH(E100, Factions!B:B, 0))} -> #000000 | AN100: {=INDEX(Factions!F:F, MATCH(E100, Factions!B:B, 0))} -> #ffffff | AO100: {=concat(INDEX(Factions!G:G, MATCH(E100, Factions!B:B, 0)),".png")} -> empire.png | AP100: =IFERROR(__xludf.DUMMYFUNCTION("MIN(FILTER(M100:M1098, F100:F1098=F100))"),2.0) -> 2 | AQ100: =Q100*L100 -> 4 | AR100: =IFERROR(__xludf.DUMMYFUNCTION("IF(and(REGEXMATCH(S100,""Vengence""),not(REGEXMATCH(S100, ""Protective Markings""))),AQ100,AQ100 * 6 / iferror(R100-1,6))"),6.0) -> 6 | AS100: =0 + if(P100="2d6",7,if(P100="d6",3.5,if(P100="d3",1.5,if(P100="2x2",4,if(P100="2x3",6,P100))))) -> 1 | AT100: =AS100*L100 -> 4 | AU100: =IFERROR(__xludf.DUMMYFUNCTION("IF(REGEXMATCH(S100,""<b>Poison</b>""),1+((1/(7-N100))/3),1)"),1.0) -> 1 | AV100: =IFERROR(__xludf.DUMMYFUNCTION("IF(REGEXMATCH(S100,""Vengence""),(7 - R100) / 3,0)"),0.0) -> 0 | AW100: =AV100 + (AT100*(7-N100)/6)*AU100 -> 1.3333333 | AX100: =AR100+(AW100*1.5) -> 8 | AY100: =IFERROR(__xludf.DUMMYFUNCTION("if(regexmatch(G100,""Mage|War Machine""),true,false)"),FALSE) -> FALSE
...

Sheet U2
A1: Faction | B1: Unit | C1: Family | D1: Tier | E1: Count | F1: Hp | G1: Type | H1: Weapon | I1: Armour | J1: Unique | K1: S1 | L1: S2 | M1: S3 | N1: S4 | O1: Column 15
A2: Gobbo | C2: Warriors | D2: 1 | G2: Defensive | K2: Veteran | L2: Armour
A3: Gobbo | C3: Warriors | D3: 1 | G3: Armourbreaker | K3: Veteran | L3: Charge
A4: Gobbo | C4: Warriors | D4: 1 | G4: Hybrid | K4: Veteran | L4: Shoot | M4: Shoot
A5: Gobbo | C5: Archers | D5: 1 | G5: Hybrid | K5: Shoot | L5: Range | M5: Accuracy
A6: Gobbo | C6: Archers | D6: 1 | G6: Sniper | K6: Shoot | L6: Range | M6: Shoot
A7: Gobbo | C7: Archers | D7: 1 | G7: Hybrid | K7: Shoot | L7: Range | M7: Shield
A8: Gobbo | C8: Poppers | D8: 1 | G8: Offensive | K8: -G-Burst | L8: Charge
A9: Gobbo | C9: Poppers | D9: 1 | G9: Offensive | K9: -G-Burst | L9: Veteran
A10: Gobbo | C10: Poppers | D10: 1 | G10: Armourbreaker | K10: -G-Burst | L10: -G-Burst
A11: Gobbo | B11: Bombdancers | C11: Bomb Squad | D11: 2 | G11: Offensive | H11: -Gobbo - Bomb | I11: Unarmoured | K11: -G-Burst | L11: Dodge
A12: Gobbo | B12: Whizzbangs | C12: Bomb Squad | D12: 2 | G12: Offensive | H12: -Gobbo - Bomb | I12: Unarmoured | K12: -G-Burst | L12: Charge
A13: Gobbo | B13: Slicers | C13: Beserkers | D13: 2 | G13: Offensive | H13: Axe | I13: Light | K13: Beserk | L13: Extra strike | M13: Veteran
A14: Gobbo | B14: Thumpers | C14: Beserkers | D14: 2 | G14: Armourbreaker | H14: Blunt | I14: Light | K14: Beserk | L14: Turn | M14: Veteran
A15: Gobbo | B15: Tin Cans | C15: Heavy Warriors | D15: 2 | G15: Defensive | H15: Sword | I15: Heavy | K15: Slow | L15: Shield | M15: Veteran
A16: Gobbo | B16: The Heavies | C16: Heavy Warriors | D16: 2 | G16: Armourbreaker | H16: Blunt | I16: Heavy | K16: Slow | L16: Veteran | M16: Veteran
A17: Gobbo | B17: Skypriests | C17: Skypriests | D17: 2 | G17: Mobile | H17: Blunt | I17: Heavy | K17: -G-Jetpack
A18: Gobbo | B18: Thunderpriests | C18: Skypriests | D18: 2 | G18: Mobile | H18: Sword | I18: Medium | K18: -G-Jetpack | L18: Veteran
A19: Gobbo | B19: Flaggelants | C19: Flaggelants | D19: 2 | G19: Offensive | H19: Sword | I19: Unarmoured | K19: -G-Rabid | L19: Extra strike | M19: Extra strike | N19: Veteran
A20: Gobbo | B20: Scourger | C20: Flaggelants | D20: 2 | G20: Offensive | H20: Claw | I20: Unarmoured | K20: -G-Rabid | L20: Extra strike | M20: Charge | N20: Veteran
A21: Gobbo | B21: Bangwagons | C21: Chariot | D21: 3 | E21: 3 | F21: 2 | G21: Armourbreaker | H21: -Gobbo - Bomb | I21: Unarmoured | J21: 2d6 | L21: Move | M21: Charge
A22: Gobbo | B22: Wolfcarts | C22: Chariot | D22: 3 | E22: 3 | F22: 4 | H22: Spear | I22: Medium | K22: Shoot | L22: 3 | M22: Move | N22: Turn
A23: Gobbo | B23: Hunting Party | C23: Chariot | D23: 3 | E23: 3 | F23: 4 | H23: Axe | I23: Medium | J23: Impact | L23: 4 | M23: Move | N23: Charge
A24: Gobbo | B24: Boom Box | C24: Artillery | D24: 3 | E24: 3 | F24: 2 | H24: Blank | I24: Unarmoured | J24: Flamethrower
A25: Gobbo | B25: Starchucker | C25: Artillery | D25: 3 | E25: 3 | F25: 2 | H25: Blank | I25: Unarmoured | J25: Razorstar
A26: Gobbo | B26: Firetruck | C26: Artillery | D26: 3 | E26: 3 | F26: 4 | H26: Blank | I26: Heavy | J26: Flamethrower
A27: Boneborn | C27: Warriors | D27: 1 | K27: Veteran | L27: Armour
A28: Boneborn | C28: Warriors | D28: 1 | K28: Veteran | L28: Charge
A29: Boneborn | C29: Warriors | D29: 1 | K29: Veteran | L29: Shoot | M29: Shoot
A30: Boneborn | C30: Archers | D30: 1 | K30: Shoot | L30: Range | M30: Accuracy
A31: Boneborn | C31: Archers | D31: 1 | K31: Shoot | L31: Range | M31: Shoot
A32: Boneborn | C32: Archers | D32: 1 | K32: Shoot | L32: Range | M32: Shield
A33: Boneborn | C33: Ghouls | D33: 1 | K33: -U-Vampiric | L33: Shield
A34: Boneborn | C34: Ghouls | D34: 1 | K34: -U-Vampiric | L34: Veteran
A35: Boneborn | C35: Ghouls | D35: 1 | K35: -U-Vampiric | L35: -U-Vampiric
A36: Boneborn | B36: Walking Dead | C36: Zombies | D36: 2 | H36: Spear | I36: Heavy | K36: Slow | L36: Shield | M36: Veteran
A37: Boneborn | B37: Rotting Dead | C37: Zombies | D37: 2 | H37: Claw | I37: Heavy | K37: Slow | L37: Poison | M37: Extra strike
A38: Boneborn | B38: Dark Guard | C38: Wights | D38: 2 | H38: Blank | I38: Heavy | K38: Shield | L38: Armour
A39: Boneborn | B39: Barrow Guard | C39: Wights | D39: 2 | H39: Spear | I39: Heavy | K39: Shield | L39: Extra wound
A40: Boneborn | B40: Revenant | C40: Revenants | D40: 2 | H40: Sword | I40: Medium | K40: -U-Scary | L40: Veteran | M40: Charge
A41: Boneborn | B41: Revenant Archers | C41: Revenants | D41: 2 | H41: Claw | I41: Light | K41: -U-Scary | L41: Shoot | M41: Range | N41: Accuracy
A42: Boneborn | B42: Vengeful Spirits | C42: Ghosts | D42: 2 | H42: Claw | I42: Unarmoured | K42: -U-Ethereal | L42: Move
A43: Boneborn | B43: Screeching Spirits | C43: Ghosts | D43: 2 | H43: Blank | I43: Unarmoured | K43: -U-Ethereal | L43: -U-Scary
A44: Boneborn | B44: Flesh Reapers | C44: Reapers | D44: 2 | H44: -Undead-Scythe | I44: Medium | K44: Charge | L44: Veteran
A45: Boneborn | B45: Soul Reapers | C45: Reapers | D45: 2 | H45: -Undead-Scythe | I45: Light | K45: Dodge | L45: -U-Vampiric

Sheet Powers
A1: Weapons | B1: Armour | C1: Skills
A2: Blunt | B2: Heavy | C2: Blank
A3: Sword | B3: Medium | C3: Veteran
A4: Axe | B4: Light | C4: Extra strike
A5: Claw | B5: Unarmoured | C5: Extra wound
A6: Spear | C6: Shield
A7: Blank | C7: Armour
A8: -Gobbo - Bomb | C8: Dodge
A9: -Undead-Scythe | C9: Shoot
C10: Accuracy
C11: Range
C12: Move
C13: Turn
C14: Charge
C15: Slow
C16: Unbreakable
C17: Brave
C18: Cowardly
C19: 3
C20: 4
C21: 5
C22: 6
C23: 7
C24: -G-Burst
C25: Beserk
C26: -G-Jetpack
C27: -G-Rabid
C28: -U-Vampiric
C29: -U-Scary
C30: Poison
C31: -U-Ethereal

Sheet Sheet15
A1: Unit | B1: Power | C1: Gobbo | D1: Bone | E1: Scaled Empire
A2: Piercing | B2: AP 1 | C2: 1 | D2: 1 | E2: 1
A3: Spear | B3: Charge defense | C3: 1 | E3: 1
A4: Pike | B4: Vertical attack
A5: Axe | B5: Horizontal attack | C5: 1
A6: Sword | B6: Small attack | E6: 1
A7: Warhammer | B7: Massive attack
A8: Charger | C8: 1
A9: Defender | E9: 1
A10: Longbows | B10: Volley | C10: 1
A11: Crossbows | B11: AP1, Move or shoot | E11: 1
A12: Javelins | B12: Move and shoot | C12: 1
A13: Hybrid | E13: 1
A15: Beserkers | C15: 1
A16: Bomb squad | C16: 1
A17: Poppers | C17: 1
A18: Revenants | D18: 1
D19: 1
D20: 1
A21: Scout Corps | E21: 1
A22: Shieldwall | E22: 1
A23: Horsebreakers | E23: 1

Sheet Meta
A1: Group | E1: Type | AH1: Cost | AK1: AC | AP1: Speed | AR1: HP | AW1: Attacks | AX1: Equipment
A4: Id | B4: Faction | C4: Tier | D4: Units | E4: Warriors | F4: Archers | G4: Chaff | H4: Infantry | I4: Heavy Infantry | J4: Attack Infantry | K4: Fast Infantry | L4: Light Cavalry | M4: Heavy Cavalry | N4: Chariot | O4: Flyer | P4: Monster | Q4: War Machine | R4: Attack Mage | S4: Support Mage | T4: Unique | U4: Mage Hero | V4: Hybrid Mage Hero | W4: Support Hero | X4: Warrior Hero | Y4: Monster Hero | Z4: Cav Hero | AA4: War Machine Hero | AB4: Archer Hero | AC4: Unique Hero | AD4: All Infantry | AE4: All Mobile | AF4: All Ranged | AG4: All Other | AH4: C1 | AI4: C2 | AJ4: C3 | AK4: AC / | AL4: AC 6 | AM4: AC 5 | AN4: AC 4 | AO4: AC 3 | AP4: M2+ | AQ4: Maneuve. | AR4: Avg HP | AS4: HP 2+ | AT4: HP 3+ | AU4: Avg Total HP | AV4: Avg EHP | AW4: Avg Hits | AX4: None
A5: =TEXT(FLOOR((ROW()-1) * 0.25,1), "00") -> 01 | B5: =VLOOKUP(A5, Factions!A:B, 2, FALSE) -> Gobbo | C5: 1 | D5: =IF($C5="All",COUNTIFS(Units!$E:$E, $B5),COUNTIFS(Units!$E:$E, $B5, Units!$I:$I, $C5) ) -> 6 | E5: =IF($C5="All",COUNTIFS(Units!$E:$E, $B5, Units!$G:$G, E$4),COUNTIFS(Units!$E:$E, $B5, Units!$G:$G, E$4, Units!$I:$I, $C5) ) -> 1 | F5: =IF($C5="All",COUNTIFS(Units!$E:$E, $B5, Units!$G:$G, F$4),COUNTIFS(Units!$E:$E, $B5, Units!$G:$G, F$4, Units!$I:$I, $C5) ) -> 1 | G5: =IF($C5="All",COUNTIFS(Units!$E:$E, $B5, Units!$G:$G, G$4),COUNTIFS(Units!$E:$E, $B5, Units!$G:$G, G$4, Units!$I:$I, $C5) ) -> 1 | H5: =IF($C5="All",COUNTIFS(Units!$E:$E, $B5, Units!$G:$G, H$4),COUNTIFS(Units!$E:$E, $B5, Units!$G:$G, H$4, Units!$I:$I, $C5) ) -> 1 | I5: =IF($C5="All",COUNTIFS(Units!$E:$E, $B5, Units!$G:$G, I$4),COUNTIFS(Units!$E:$E, $B5, Units!$G:$G, I$4, Units!$I:$I, $C5) ) -> 0 | J5: =IF($C5="All",COUNTIFS(Units!$E:$E, $B5, Units!$G:$G, J$4),COUNTIFS(Units!$E:$E, $B5, Units!$G:$G, J$4, Units!$I:$I, $C5) ) -> 0 | K5: =IF($C5="All",COUNTIFS(Units!$E:$E, $B5, Units!$G:$G, K$4),COUNTIFS(Units!$E:$E, $B5, Units!$G:$G, K$4, Units!$I:$I, $C5) ) -> 1 | L5: =IF($C5="All",COUNTIFS(Units!$E:$E, $B5, Units!$G:$G, L$4),COUNTIFS(Units!$E:$E, $B5, Units!$G:$G, L$4, Units!$I:$I, $C5) ) -> 0 | N5: =IF($C5="All",COUNTIFS(Units!$E:$E, $B5, Units!$G:$G, N$4),COUNTIFS(Units!$E:$E, $B5, Units!$G:$G, N$4, Units!$I:$I, $C5) ) -> 0 | O5: =IF($C5="All",COUNTIFS(Units!$E:$E, $B5, Units!$G:$G, O$4),COUNTIFS(Units!$E:$E, $B5, Units!$G:$G, O$4, Units!$I:$I, $C5) ) -> 0 | P5: =IF($C5="All",COUNTIFS(Units!$E:$E, $B5, Units!$G:$G, P$4),COUNTIFS(Units!$E:$E, $B5, Units!$G:$G, P$4, Units!$I:$I, $C5) ) -> 0 | Q5: =IF($C5="All",COUNTIFS(Units!$E:$E, $B5, Units!$G:$G, Q$4),COUNTIFS(Units!$E:$E, $B5, Units!$G:$G, Q$4, Units!$I:$I, $C5) ) -> 0 | R5: =IF($C5="All",COUNTIFS(Units!$E:$E, $B5, Units!$G:$G, R$4),COUNTIFS(Units!$E:$E, $B5, Units!$G:$G, R$4, Units!$I:$I, $C5) ) -> 0 | S5: =IF($C5="All",COUNTIFS(Units!$E:$E, $B5, Units!$G:$G, S$4),COUNTIFS(Units!$E:$E, $B5, Units!$G:$G, S$4, Units!$I:$I, $C5) ) -> 0 | T5: =IF($C5="All",COUNTIFS(Units!$E:$E, $B5, Units!$G:$G, T$4),COUNTIFS(Units!$E:$E, $B5, Units!$G:$G, T$4, Units!$I:$I, $C5) ) -> 1 | U5: =IF($C5="All",COUNTIFS(Units!$E:$E, $B5, Units!$G:$G, U$4),COUNTIFS(Units!$E:$E, $B5, Units!$G:$G, U$4, Units!$I:$I, $C5) ) -> 0 | ... AC5: =IF($C5="All",COUNTIFS(Units!$E:$E, $B5, Units!$G:$G, AC$4),COUNTIFS(Units!$E:$E, $B5, Units!$G:$G, AC$4, Units!$I:$I, $C5) ) -> 0 | AD5: =sum(E5,G5,H5,I5,J5,K5) -> 4 | AE5: =sum(L5,M5,N5,O5) -> 0 | AF5: =sum(F5,Q5,R5) -> 1 | AG5: =sum(P5,S5,T5) -> 1 | AH5: =IF($C5=1,COUNTIFS(Units!$E:$E, $B5, Units!$J:$J, 1, Units!$I:$I, 1),0) -> 1 | AI5: =IF($C5=1,COUNTIFS(Units!$E:$E, $B5, Units!$J:$J, 2, Units!$I:$I, 1),0) -> 3 | AJ5: =IF($C5=1,COUNTIFS(Units!$E:$E, $B5, Units!$J:$J, 3, Units!$I:$I, 1),0) -> 2 | AK5: =IF($C5="All",COUNTIFS(Units!$E:$E, $B5, Units!$R:$R, "-"),COUNTIFS(Units!$E:$E, $B5, Units!$R:$R, "-", Units!$I:$I, $C5) ) -> 1 | AL5: =IF($C5="All",COUNTIFS(Units!$E:$E, $B5, Units!$R:$R, 6),COUNTIFS(Units!$E:$E, $B5, Units!$R:$R, 6, Units!$I:$I, $C5) ) -> 3 | AM5: =IF($C5="All",COUNTIFS(Units!$E:$E, $B5, Units!$R:$R, 5),COUNTIFS(Units!$E:$E, $B5, Units!$R:$R, 5, Units!$I:$I, $C5) ) -> 2 | AN5: =IF($C5="All",COUNTIFS(Units!$E:$E, $B5, Units!$R:$R, 4),COUNTIFS(Units!$E:$E, $B5, Units!$R:$R, 4, Units!$I:$I, $C5) ) -> 0 | AO5: =IF($C5="All",COUNTIFS(Units!$E:$E, $B5, Units!$R:$R, 3),COUNTIFS(Units!$E:$E, $B5, Units!$R:$R, 3, Units!$I:$I, $C5) ) -> 0 | AP5: =IF($C5="All",COUNTIFS(Units!$E:$E, $B5, Units!$M:$M, "<>1"),COUNTIFS(Units!$E:$E, $B5, Units!$M:$M, "<>1", Units!$I:$I, $C5) ) -> 1 | AQ5: =IF($C5="All",COUNTIFS(Units!$E:$E, $B5, Units!$S:$S, "*Maneouverable*"),COUNTIFS(Units!$E:$E, $B5, Units!$S:$S, "*Maneouverable*", Units!$I:$I, $C5) ) -> 0 | AR5: =IF($C5="All", AVERAGEIFS(Units!$Q:$Q, Units!$E:$E, $B5, Units!$AY:$AY, false), AVERAGEIFS(Units!$Q:$Q, Units!$E:$E, $B5, Units!$I:$I, $C5, Units!$AY:$AY, false) ) -> 1 | AS5: =IF($C5="All",COUNTIFS(Units!$E:$E, $B5, Units!$Q:$Q, "<>1"),COUNTIFS(Units!$E:$E, $B5, Units!$Q:$Q, "<>1", Units!$I:$I, $C5) ) -> 0 | AT5: =AS5 - IF($C5="All",COUNTIFS(Units!$E:$E, $B5, Units!$Q:$Q, 2),COUNTIFS(Units!$E:$E, $B5, Units!$Q:$Q, 2, Units!$I:$I, $C5) ) -> 0 | AU5: =IF($C5="All", AVERAGEIFS(Units!$AQ:$AQ, Units!$E:$E, $B5, Units!$AY:$AY, false), AVERAGEIFS(Units!$AQ:$AQ, Units!$E:$E, $B5, Units!$I:$I, $C5, Units!$AY:$AY, false) ) -> 6 | AV5: =IF($C5="All", AVERAGEIFS(Units!$AR:$AR, Units!$E:$E, $B5, Units!$AY:$AY, false), AVERAGEIFS(Units!$AR:$AR, Units!$E:$E, $B5, Units!$I:$I, $C5, Units!$AY:$AY, false) ) -> 7.6 | AW5: =IF($C5="All", AVERAGEIFS(Units!$AW:$AW, Units!$E:$E, $B5, Units!$AY:$AY, false), AVERAGEIFS(Units!$AW:$AW, Units!$E:$E, $B5, Units!$I:$I, $C5, Units!$AY:$AY, false) ) -> 3.6666667
A6: =TEXT(FLOOR((ROW()-1) * 0.25,1), "00") -> 01 | B6: =VLOOKUP(A6, Factions!A:B, 2, FALSE) -> Gobbo | C6: 2 | D6: =IF($C6="All",COUNTIFS(Units!$E:$E, $B6),COUNTIFS(Units!$E:$E, $B6, Units!$I:$I, $C6) ) -> 9 | E6: =IF($C6="All",COUNTIFS(Units!$E:$E, $B6, Units!$G:$G, E$4),COUNTIFS(Units!$E:$E, $B6, Units!$G:$G, E$4, Units!$I:$I, $C6) ) -> 0 | F6: =IF($C6="All",COUNTIFS(Units!$E:$E, $B6, Units!$G:$G, F$4),COUNTIFS(Units!$E:$E, $B6, Units!$G:$G, F$4, Units!$I:$I, $C6) ) -> 0 | G6: =IF($C6="All",COUNTIFS(Units!$E:$E, $B6, Units!$G:$G, G$4),COUNTIFS(Units!$E:$E, $B6, Units!$G:$G, G$4, Units!$I:$I, $C6) ) -> 0 | H6: =IF($C6="All",COUNTIFS(Units!$E:$E, $B6, Units!$G:$G, H$4),COUNTIFS(Units!$E:$E, $B6, Units!$G:$G, H$4, Units!$I:$I, $C6) ) -> 0 | I6: =IF($C6="All",COUNTIFS(Units!$E:$E, $B6, Units!$G:$G, I$4),COUNTIFS(Units!$E:$E, $B6, Units!$G:$G, I$4, Units!$I:$I, $C6) ) -> 1 | J6: =IF($C6="All",COUNTIFS(Units!$E:$E, $B6, Units!$G:$G, J$4),COUNTIFS(Units!$E:$E, $B6, Units!$G:$G, J$4, Units!$I:$I, $C6) ) -> 1 | K6: =IF($C6="All",COUNTIFS(Units!$E:$E, $B6, Units!$G:$G, K$4),COUNTIFS(Units!$E:$E, $B6, Units!$G:$G, K$4, Units!$I:$I, $C6) ) -> 1 | L6: =IF($C6="All",COUNTIFS(Units!$E:$E, $B6, Units!$G:$G, L$4),COUNTIFS(Units!$E:$E, $B6, Units!$G:$G, L$4, Units!$I:$I, $C6) ) -> 0 | N6: =IF($C6="All",COUNTIFS(Units!$E:$E, $B6, Units!$G:$G, N$4),COUNTIFS(Units!$E:$E, $B6, Units!$G:$G, N$4, Units!$I:$I, $C6) ) -> 2 | O6: =IF($C6="All",COUNTIFS(Units!$E:$E, $B6, Units!$G:$G, O$4),COUNTIFS(Units!$E:$E, $B6, Units!$G:$G, O$4, Units!$I:$I, $C6) ) -> 0 | P6: =IF($C6="All",COUNTIFS(Units!$E:$E, $B6, Units!$G:$G, P$4),COUNTIFS(Units!$E:$E, $B6, Units!$G:$G, P$4, Units!$I:$I, $C6) ) -> 1 | Q6: =IF($C6="All",COUNTIFS(Units!$E:$E, $B6, Units!$G:$G, Q$4),COUNTIFS(Units!$E:$E, $B6, Units!$G:$G, Q$4, Units!$I:$I, $C6) ) -> 2 | R6: =IF($C6="All",COUNTIFS(Units!$E:$E, $B6, Units!$G:$G, R$4),COUNTIFS(Units!$E:$E, $B6, Units!$G:$G, R$4, Units!$I:$I, $C6) ) -> 0 | S6: =IF($C6="All",COUNTIFS(Units!$E:$E, $B6, Units!$G:$G, S$4),COUNTIFS(Units!$E:$E, $B6, Units!$G:$G, S$4, Units!$I:$I, $C6) ) -> 0 | T6: =IF($C6="All",COUNTIFS(Units!$E:$E, $B6, Units!$G:$G, T$4),COUNTIFS(Units!$E:$E, $B6, Units!$G:$G, T$4, Units!$I:$I, $C6) ) -> 1 | U6: =IF($C6="All",COUNTIFS(Units!$E:$E, $B6, Units!$G:$G, U$4),COUNTIFS(Units!$E:$E, $B6, Units!$G:$G, U$4, Units!$I:$I, $C6) ) -> 0 | ... AC6: =IF($C6="All",COUNTIFS(Units!$E:$E, $B6, Units!$G:$G, AC$4),COUNTIFS(Units!$E:$E, $B6, Units!$G:$G, AC$4, Units!$I:$I, $C6) ) -> 0 | AD6: =sum(E6,G6,H6,I6,J6,K6) -> 3 | AE6: =sum(L6,M6,N6,O6) -> 2 | AF6: =sum(F6,Q6,R6) -> 2 | AG6: =sum(P6,S6,T6) -> 2 | AH6: =IF($C6=1,COUNTIFS(Units!$E:$E, $B6, Units!$J:$J, 1, Units!$I:$I, 1),0) -> 0 | AI6: =IF($C6=1,COUNTIFS(Units!$E:$E, $B6, Units!$J:$J, 2, Units!$I:$I, 1),0) -> 0 | AJ6: =IF($C6=1,COUNTIFS(Units!$E:$E, $B6, Units!$J:$J, 3, Units!$I:$I, 1),0) -> 0 | AK6: =IF($C6="All",COUNTIFS(Units!$E:$E, $B6, Units!$R:$R, "-"),COUNTIFS(Units!$E:$E, $B6, Units!$R:$R, "-", Units!$I:$I, $C6) ) -> 2 | AL6: =IF($C6="All",COUNTIFS(Units!$E:$E, $B6, Units!$R:$R, 6),COUNTIFS(Units!$E:$E, $B6, Units!$R:$R, 6, Units!$I:$I, $C6) ) -> 2 | AM6: =IF($C6="All",COUNTIFS(Units!$E:$E, $B6, Units!$R:$R, 5),COUNTIFS(Units!$E:$E, $B6, Units!$R:$R, 5, Units!$I:$I, $C6) ) -> 3 | AN6: =IF($C6="All",COUNTIFS(Units!$E:$E, $B6, Units!$R:$R, 4),COUNTIFS(Units!$E:$E, $B6, Units!$R:$R, 4, Units!$I:$I, $C6) ) -> 1 | AO6: =IF($C6="All",COUNTIFS(Units!$E:$E, $B6, Units!$R:$R, 3),COUNTIFS(Units!$E:$E, $B6, Units!$R:$R, 3, Units!$I:$I, $C6) ) -> 1 | AP6: =IF($C6="All",COUNTIFS(Units!$E:$E, $B6, Units!$M:$M, "<>1"),COUNTIFS(Units!$E:$E, $B6, Units!$M:$M, "<>1", Units!$I:$I, $C6) ) -> 3 | AQ6: =IF($C6="All",COUNTIFS(Units!$E:$E, $B6, Units!$S:$S, "*Maneouverable*"),COUNTIFS(Units!$E:$E, $B6, Units!$S:$S, "*Maneouverable*", Units!$I:$I, $C6) ) -> 0 | AR6: =IF($C6="All", AVERAGEIFS(Units!$Q:$Q, Units!$E:$E, $B6, Units!$AY:$AY, false), AVERAGEIFS(Units!$Q:$Q, Units!$E:$E, $B6, Units!$I:$I, $C6, Units!$AY:$AY, false) ) -> 2.7142857 | AS6: =IF($C6="All",COUNTIFS(Units!$E:$E, $B6, Units!$Q:$Q, "<>1"),COUNTIFS(Units!$E:$E, $B6, Units!$Q:$Q, "<>1", Units!$I:$I, $C6) ) -> 6 | AT6: =AS6 - IF($C6="All",COUNTIFS(Units!$E:$E, $B6, Units!$Q:$Q, 2),COUNTIFS(Units!$E:$E, $B6, Units!$Q:$Q, 2, Units!$I:$I, $C6) ) -> 5 | AU6: =IF($C6="All", AVERAGEIFS(Units!$AQ:$AQ, Units!$E:$E, $B6, Units!$AY:$AY, false), AVERAGEIFS(Units!$AQ:$AQ, Units!$E:$E, $B6, Units!$I:$I, $C6, Units!$AY:$AY, false) ) -> 6.2857143 | AV6: =IF($C6="All", AVERAGEIFS(Units!$AR:$AR, Units!$E:$E, $B6, Units!$AY:$AY, false), AVERAGEIFS(Units!$AR:$AR, Units!$E:$E, $B6, Units!$I:$I, $C6, Units!$AY:$AY, false) ) -> 10.428571 | AW6: =IF($C6="All", AVERAGEIFS(Units!$AW:$AW, Units!$E:$E, $B6, Units!$AY:$AY, false), AVERAGEIFS(Units!$AW:$AW, Units!$E:$E, $B6, Units!$I:$I, $C6, Units!$AY:$AY, false) ) -> 4.7142857
